country_abr,country_name,country_url,country_area,country_population
af,Afghanistan,https://flagcdn.com/af.svg,652230.0,32225560
ax,Åland Islands,https://flagcdn.com/ax.svg,1580.0,29789
al,Albania,https://flagcdn.com/al.svg,28748.0,2862427
dz,Algeria,https://flagcdn.com/dz.svg,2381740.0,43000000
as,American Samoa,https://flagcdn.com/as.svg,199.0,56700
ad,Andorra,https://flagcdn.com/ad.svg,468.0,77543
ao,Angola,https://flagcdn.com/ao.svg,1246700.0,31127674
ai,Anguilla,https://flagcdn.com/ai.svg,91.0,14869
aq,Antarctica,https://flagcdn.com/aq.svg,14000000.0,3000
ag,Antigua and Barbuda,https://flagcdn.com/ag.svg,442.0,96453
ar,Argentina,https://flagcdn.com/ar.svg,2780400.0,44938712
am,Armenia,https://flagcdn.com/am.svg,29743.0,2957500
aw,Aruba,https://flagcdn.com/aw.svg,180.0,112309
au,Australia,https://flagcdn.com/au.svg,7692020.0,25627280
at,Austria,https://flagcdn.com/at.svg,83871.0,8902600
az,Azerbaijan,https://flagcdn.com/az.svg,86600.0,10067108
bs,Bahamas,https://flagcdn.com/bs.svg,13943.0,385340
bh,Bahrain,https://flagcdn.com/bh.svg,778.0,1543300
bd,Bangladesh,https://flagcdn.com/bd.svg,147570.0,168163758
bb,Barbados,https://flagcdn.com/bb.svg,430.0,287025
by,Belarus,https://flagcdn.com/by.svg,207600.0,9413446
be,Belgium,https://flagcdn.com/be.svg,30528.0,11522169
bz,Belize,https://flagcdn.com/bz.svg,22966.0,408487
bj,Benin,https://flagcdn.com/bj.svg,114763.0,11733059
bm,Bermuda,https://flagcdn.com/bm.svg,54.0,64027
bt,Bhutan,https://flagcdn.com/bt.svg,38394.0,741672
bo,Bolivia,https://flagcdn.com/bo.svg,1098580.0,11469896
ba,Bosnia-Herzegovina,https://flagcdn.com/ba.svg,51209.0,3301000
bw,Botswana,https://flagcdn.com/bw.svg,581730.0,2338851
bv,Bouvet Island,https://flagcdn.com/bv.svg,49.0,0
br,Brazil,https://flagcdn.com/br.svg,8515770.0,211173432
io,British Indian Ocean Territory,https://flagcdn.com/io.svg,60.0,0
bn,Brunei,https://flagcdn.com/bn.svg,5765.0,442400
bg,Bulgaria,https://flagcdn.com/bg.svg,111002.0,7000039
bf,Burkina Faso,https://flagcdn.com/bf.svg,274222.0,20870060
bi,Burundi,https://flagcdn.com/bi.svg,27834.0,10953317
kh,Cambodia,https://flagcdn.com/kh.svg,181035.0,15288489
cm,Cameroon,https://flagcdn.com/cm.svg,475442.0,25876000
ca,Canada,https://flagcdn.com/ca.svg,9984670.0,37935814
cv,Cape Verde,https://flagcdn.com/cv.svg,4033.0,550483
bq,Caribbean Netherlands,https://flagcdn.com/bq.svg,328.0,25157
ky,Cayman Islands,https://flagcdn.com/ky.svg,264.0,65813
cf,Central African Republic,https://flagcdn.com/cf.svg,622984.0,5496011
td,Chad,https://flagcdn.com/td.svg,1284000.0,15692969
cl,Chile,https://flagcdn.com/cl.svg,756102.0,19107216
cn,China,https://flagcdn.com/cn.svg,9596960.0,1401492920
cx,Christmas Island,https://flagcdn.com/cx.svg,135.0,1928
cc,Cocos Islands,https://flagcdn.com/cc.svg,14.0,538
co,Colombia,https://flagcdn.com/co.svg,1141750.0,49395678
km,Comoros,https://flagcdn.com/km.svg,1862.0,873724
cg,Congo,https://flagcdn.com/cg.svg,342000.0,5380508
cd,DR Congo,https://flagcdn.com/cd.svg,2344860.0,86790567
ck,Cook Islands,https://flagcdn.com/ck.svg,236.0,15200
cr,Costa Rica,https://flagcdn.com/cr.svg,51100.0,5058007
ci,Cote d'Ivoire,https://flagcdn.com/ci.svg,322463.0,25823071
hr,Croatia,https://flagcdn.com/hr.svg,56594.0,4076246
cu,Cuba,https://flagcdn.com/cu.svg,109884.0,11209628
cw,Curacao,https://flagcdn.com/cw.svg,444.0,158665
cy,Cyprus,https://flagcdn.com/cy.svg,9251.0,875900
cz,Czech Republic,https://flagcdn.com/cz.svg,78865.0,10681161
dk,Denmark,https://flagcdn.com/dk.svg,43094.0,5822763
dj,Djibouti,https://flagcdn.com/dj.svg,23200.0,1078373
dm,Dominica,https://flagcdn.com/dm.svg,751.0,71808
do,Dominican Republic,https://flagcdn.com/do.svg,48671.0,10358320
ec,Ecuador,https://flagcdn.com/ec.svg,276841.0,17431712
eg,Egypt,https://flagcdn.com/eg.svg,1002450.0,100052943
sv,El Salvador,https://flagcdn.com/sv.svg,21041.0,6704864
gb-eng,England,https://flagcdn.com/gb-eng.svg,130279.0,55977178
gq,Equatorial Guinea,https://flagcdn.com/gq.svg,28051.0,1358276
er,Eritrea,https://flagcdn.com/er.svg,117600.0,3497117
ee,Estonia,https://flagcdn.com/ee.svg,45227.0,1328360
sz,Eswatini,https://flagcdn.com/sz.svg,17364.0,1093238
et,Ethiopia,https://flagcdn.com/et.svg,1104300.0,98665000
fk,Falkland Islands,https://flagcdn.com/fk.svg,12173.0,3198
fo,Faroe Islands,https://flagcdn.com/fo.svg,1393.0,52124
fj,Fiji,https://flagcdn.com/fj.svg,18272.0,884887
fi,Finland,https://flagcdn.com/fi.svg,338424.0,5527573
fr,France,https://flagcdn.com/fr.svg,640679.0,67064000
gf,French Guiana,https://flagcdn.com/gf.svg,83534.0,290691
pf,French Polynesia,https://flagcdn.com/pf.svg,4167.0,275918
tf,French Southern and Antarctic Lands,https://flagcdn.com/tf.svg,7747.0,0
ga,Gabon,https://flagcdn.com/ga.svg,267668.0,2172579
gm,The Gambia,https://flagcdn.com/gm.svg,11295.0,2347706
ge,Georgia,https://flagcdn.com/ge.svg,69700.0,3723464
de,Germany,https://flagcdn.com/de.svg,357114.0,83149300
gh,Ghana,https://flagcdn.com/gh.svg,238533.0,30280811
gi,Gibraltar,https://flagcdn.com/gi.svg,6.0,33701
gr,Greece,https://flagcdn.com/gr.svg,131957.0,10724599
gl,Greenland,https://flagcdn.com/gl.svg,2166090.0,56081
gd,Grenada,https://flagcdn.com/gd.svg,344.0,112003
gp,Guadeloupe,https://flagcdn.com/gp.svg,1628.0,395700
gu,Guam,https://flagcdn.com/gu.svg,549.0,172400
gt,Guatemala,https://flagcdn.com/gt.svg,108889.0,16604026
gg,Guernsey,https://flagcdn.com/gg.svg,78.0,62792
gn,Guinea,https://flagcdn.com/gn.svg,245857.0,12218357
gw,Guinea-Bissau,https://flagcdn.com/gw.svg,36125.0,1604528
gy,Guyana,https://flagcdn.com/gy.svg,214969.0,782766
ht,Haiti,https://flagcdn.com/ht.svg,27750.0,11577779
hm,Heard Island and McDonald Islands,https://flagcdn.com/hm.svg,412.0,0
hn,Honduras,https://flagcdn.com/hn.svg,112492.0,9158345
hk,Hong Kong,https://flagcdn.com/hk.svg,1104.0,7500700
hu,Hungary,https://flagcdn.com/hu.svg,93028.0,9772756
is,Iceland,https://flagcdn.com/is.svg,103000.0,364260
in,India,https://flagcdn.com/in.svg,3287260.0,1359072550
id,Indonesia,https://flagcdn.com/id.svg,1910930.0,266911900
ir,Iran,https://flagcdn.com/ir.svg,1648200.0,83230120
iq,Iraq,https://flagcdn.com/iq.svg,438317.0,39127900
ie,Ireland,https://flagcdn.com/ie.svg,70273.0,4921500
im,Isle of Man,https://flagcdn.com/im.svg,572.0,83314
il,Israel,https://flagcdn.com/il.svg,20770.0,9164160
it,Italy,https://flagcdn.com/it.svg,301339.0,60247214
jm,Jamaica,https://flagcdn.com/jm.svg,10991.0,2726667
jp,Japan,https://flagcdn.com/jp.svg,377975.0,126010000
je,Jersey,https://flagcdn.com/je.svg,116.0,106800
jo,Jordan,https://flagcdn.com/jo.svg,89342.0,10622608
kz,Kazakhstan,https://flagcdn.com/kz.svg,2724900.0,18651680
ke,Kenya,https://flagcdn.com/ke.svg,580367.0,47564296
ki,Kiribati,https://flagcdn.com/ki.svg,811.0,120100
kp,North Korea,https://flagcdn.com/kp.svg,120540.0,25450000
kr,"Korea, South",https://flagcdn.com/kr.svg,100210.0,51780579
xk,Kosovo,https://flagcdn.com/xk.svg,10887.0,1795666
kw,Kuwait,https://flagcdn.com/kw.svg,17818.0,4420110
kg,Kyrgyzstan,https://flagcdn.com/kg.svg,199951.0,6490300
la,Laos,https://flagcdn.com/la.svg,236800.0,7123205
lv,Latvia,https://flagcdn.com/lv.svg,64559.0,1906800
lb,Lebanon,https://flagcdn.com/lb.svg,10452.0,6855713
ls,Lesotho,https://flagcdn.com/ls.svg,30355.0,2007201
lr,Liberia,https://flagcdn.com/lr.svg,111369.0,4475353
ly,Libya,https://flagcdn.com/ly.svg,1759540.0,6777452
li,Liechtenstein,https://flagcdn.com/li.svg,160.0,38557
lt,Lithuania,https://flagcdn.com/lt.svg,65300.0,2793350
lu,Luxembourg,https://flagcdn.com/lu.svg,2586.0,613894
mo,Macau,https://flagcdn.com/mo.svg,30.0,676100
mg,Madagascar,https://flagcdn.com/mg.svg,587041.0,25680342
mw,Malawi,https://flagcdn.com/mw.svg,118484.0,17563749
my,Malaysia,https://flagcdn.com/my.svg,330803.0,32700760
mv,Maldives,https://flagcdn.com/mv.svg,300.0,374775
ml,Mali,https://flagcdn.com/ml.svg,1240190.0,19973000
mt,Malta,https://flagcdn.com/mt.svg,316.0,493559
mh,Marshall Islands,https://flagcdn.com/mh.svg,181.0,55500
mq,Martinique,https://flagcdn.com/mq.svg,1128.0,376480
mr,Mauritania,https://flagcdn.com/mr.svg,1030700.0,4077347
mu,Mauritius,https://flagcdn.com/mu.svg,2040.0,1265985
yt,Mayotte,https://flagcdn.com/yt.svg,374.0,279471
mx,Mexico,https://flagcdn.com/mx.svg,1964380.0,126577691
fm,Micronesia,https://flagcdn.com/fm.svg,702.0,104468
md,Moldova,https://flagcdn.com/md.svg,33846.0,2681735
mc,Monaco,https://flagcdn.com/mc.svg,2.02,38300
mn,Mongolia,https://flagcdn.com/mn.svg,1564110.0,3304526
me,Montenegro,https://flagcdn.com/me.svg,13812.0,622359
ms,Montserrat,https://flagcdn.com/ms.svg,102.0,4989
ma,Morocco,https://flagcdn.com/ma.svg,446550.0,35821024
mz,Mozambique,https://flagcdn.com/mz.svg,801590.0,28571310
mm,Myanmar,https://flagcdn.com/mm.svg,676578.0,54339766
na,Namibia,https://flagcdn.com/na.svg,825615.0,2458936
nr,Nauru,https://flagcdn.com/nr.svg,21.0,11000
np,Nepal,https://flagcdn.com/np.svg,147181.0,29609623
nl,Netherlands,https://flagcdn.com/nl.svg,41850.0,17438081
nc,New Caledonia,https://flagcdn.com/nc.svg,18575.0,282200
nz,New Zealand,https://flagcdn.com/nz.svg,270467.0,4961213
ni,Nicaragua,https://flagcdn.com/ni.svg,130373.0,6460411
ne,Niger,https://flagcdn.com/ne.svg,1267000.0,22314743
ng,Nigeria,https://flagcdn.com/ng.svg,923768.0,200963599
nu,Niue,https://flagcdn.com/nu.svg,260.0,1520
nf,Norfolk Island,https://flagcdn.com/nf.svg,36.0,1756
mk,North Macedonia,https://flagcdn.com/mk.svg,25713.0,2077132
gb-nir,Northern Ireland,https://flagcdn.com/gb-nir.svg,14130.0,1885400
mp,Northern Mariana Islands,https://flagcdn.com/mp.svg,464.0,56200
no,Norway,https://flagcdn.com/no.svg,323802.0,5356789
om,Oman,https://flagcdn.com/om.svg,309500.0,4664790
pk,Pakistan,https://flagcdn.com/pk.svg,907132.0,218741520
pw,Palau,https://flagcdn.com/pw.svg,459.0,17900
ps,Palestine,https://flagcdn.com/ps.svg,6020.0,5051953
pa,Panama,https://flagcdn.com/pa.svg,75417.0,4218808
pg,Papua New Guinea,https://flagcdn.com/pg.svg,462840.0,8935000
py,Paraguay,https://flagcdn.com/py.svg,406752.0,7152703
pe,Peru,https://flagcdn.com/pe.svg,1285220.0,32131400
ph,Philippines,https://flagcdn.com/ph.svg,300000.0,108323702
pn,Pitcairn Islands,https://flagcdn.com/pn.svg,47.0,50
pl,Poland,https://flagcdn.com/pl.svg,312696.0,38386000
pt,Portugal,https://flagcdn.com/pt.svg,92090.0,10276617
pr,Puerto Rico,https://flagcdn.com/pr.svg,8870.0,3193694
qa,Qatar,https://flagcdn.com/qa.svg,11586.0,2747282
re,Réunion,https://flagcdn.com/re.svg,2511.0,859959
ro,Romania,https://flagcdn.com/ro.svg,238397.0,19405156
ru,Russia,https://flagcdn.com/ru.svg,17098200.0,146780720
rw,Rwanda,https://flagcdn.com/rw.svg,26338.0,12374397
bl,Saint Barthélemy,https://flagcdn.com/bl.svg,21.0,9793
sh,"Saint Helena, Ascension and Tristan da Cunha",https://flagcdn.com/sh.svg,394.0,5633
kn,St. Kitts & Nevis,https://flagcdn.com/kn.svg,261.0,52823
lc,Saint Lucia,https://flagcdn.com/lc.svg,616.0,178696
mf,Saint Martin,https://flagcdn.com/mf.svg,53.0,35107
pm,Saint Pierre and Miquelon,https://flagcdn.com/pm.svg,242.0,6008
vc,Saint Vincent and the Grenadines,https://flagcdn.com/vc.svg,389.0,110608
ws,Samoa,https://flagcdn.com/ws.svg,2842.0,200874
sm,San Marino,https://flagcdn.com/sm.svg,61.0,33574
st,São Tomé and Príncipe,https://flagcdn.com/st.svg,964.0,201784
sa,Saudi Arabia,https://flagcdn.com/sa.svg,2149690.0,34218169
gb-sct,Scotland,https://flagcdn.com/gb-sct.svg,77933.0,5424800
sn,Senegal,https://flagcdn.com/sn.svg,196722.0,16209125
rs,Serbia,https://flagcdn.com/rs.svg,88361.0,6963764
sc,Seychelles,https://flagcdn.com/sc.svg,452.0,97625
sl,Sierra Leone,https://flagcdn.com/sl.svg,71740.0,7901454
sg,Singapore,https://flagcdn.com/sg.svg,716.0,5703600
sx,Sint Maarten,https://flagcdn.com/sx.svg,34.0,40614
sk,Slovakia,https://flagcdn.com/sk.svg,49037.0,5456362
si,Slovenia,https://flagcdn.com/si.svg,20273.0,2094060
sb,Solomon Islands,https://flagcdn.com/sb.svg,28896.0,680806
so,Somalia,https://flagcdn.com/so.svg,637657.0,15442905
za,South Africa,https://flagcdn.com/za.svg,1221040.0,58775022
gs,South Georgia,https://flagcdn.com/gs.svg,3903.0,0
ss,South Sudan,https://flagcdn.com/ss.svg,644329.0,12778250
es,Spain,https://flagcdn.com/es.svg,505992.0,47100396
lk,Sri Lanka,https://flagcdn.com/lk.svg,65610.0,21803000
sd,Sudan,https://flagcdn.com/sd.svg,1861480.0,42295645
sr,Suriname,https://flagcdn.com/sr.svg,163820.0,581372
sj,Svalbard and Jan Mayen,https://flagcdn.com/sj.svg,61022.0,0
se,Sweden,https://flagcdn.com/se.svg,450295.0,10327589
ch,Switzerland,https://flagcdn.com/ch.svg,41284.0,8586550
sy,Syria,https://flagcdn.com/sy.svg,185180.0,17070135
tw,Taiwan,https://flagcdn.com/tw.svg,36193.0,23604265
tj,Tajikistan,https://flagcdn.com/tj.svg,143100.0,9127000
tz,Tanzania,https://flagcdn.com/tz.svg,945087.0,55890747
th,Thailand,https://flagcdn.com/th.svg,513120.0,66474267
tl,Timor-Leste,https://flagcdn.com/tl.svg,14919.0,1387149
tg,Togo,https://flagcdn.com/tg.svg,56785.0,7538000
tk,Tokelau,https://flagcdn.com/tk.svg,12.0,1400
to,Tonga,https://flagcdn.com/to.svg,747.0,100651
tt,Trinidad and Tobago,https://flagcdn.com/tt.svg,5130.0,1363985
tn,Tunisia,https://flagcdn.com/tn.svg,163610.0,11722038
tr,Türkiye,https://flagcdn.com/tr.svg,783562.0,83154997
tm,Turkmenistan,https://flagcdn.com/tm.svg,488100.0,5942089
tc,Turks and Caicos Islands,https://flagcdn.com/tc.svg,948.0,41369
tv,Tuvalu,https://flagcdn.com/tv.svg,26.0,10200
ug,Uganda,https://flagcdn.com/ug.svg,241550.0,40299300
ua,Ukraine,https://flagcdn.com/ua.svg,603500.0,41902416
ae,United Arab Emirates,https://flagcdn.com/ae.svg,83600.0,9770529
gb,United Kingdom,https://flagcdn.com/gb.svg,242495.0,66435600
us,United States,https://flagcdn.com/us.svg,9833520.0,329345637
um,United States Minor Outlying Islands,https://flagcdn.com/um.svg,34.0,300
uy,Uruguay,https://flagcdn.com/uy.svg,176215.0,3518552
uz,Uzbekistan,https://flagcdn.com/uz.svg,447400.0,34034952
vu,Vanuatu,https://flagcdn.com/vu.svg,12189.0,304500
va,Vatican City,https://flagcdn.com/va.svg,0.44,799
ve,Venezuela,https://flagcdn.com/ve.svg,916445.0,32219521
vn,Vietnam,https://flagcdn.com/vn.svg,331212.0,96208984
vg,British Virgin Islands,https://flagcdn.com/vg.svg,151.0,30030
vi,United States Virgin Islands,https://flagcdn.com/vi.svg,347.0,104578
gb-wls,Wales,https://flagcdn.com/gb-wls.svg,20779.0,3139000
wf,Wallis and Futuna,https://flagcdn.com/wf.svg,142.0,11700
eh,Western Sahara,https://flagcdn.com/eh.svg,266000.0,582463
ye,Yemen,https://flagcdn.com/ye.svg,527968.0,29161922
zm,Zambia,https://flagcdn.com/zm.svg,752612.0,17381168
zw,Zimbabwe,https://flagcdn.com/zw.svg,390757.0,15159624
