season_id,round_id,placement,team_name,matches,wins,draws,losses,goals,goal_dif,points
GB1-2024,R-2024-01,1,Brighton & Hove Albion,1,1,0,0,3:0,3,3
GB1-2024,R-2024-01,2,Arsenal FC,1,1,0,0,2:0,2,3
GB1-2024,R-2024-01,3,Liverpool FC,1,1,0,0,2:0,2,3
GB1-2024,R-2024-01,4,Manchester City,1,1,0,0,2:0,2,3
GB1-2024,R-2024-01,5,Aston Villa,1,1,0,0,2:1,1,3
GB1-2024,R-2024-01,6,Brentford FC,1,1,0,0,2:1,1,3
GB1-2024,R-2024-01,7,Manchester United,1,1,0,0,1:0,1,3
GB1-2024,R-2024-01,8,Newcastle United,1,1,0,0,1:0,1,3
GB1-2024,R-2024-01,9,AFC Bournemouth,1,0,1,0,1:1,0,1
GB1-2024,R-2024-01,10,Leicester City,1,0,1,0,1:1,0,1
GB1-2024,R-2024-01,11,Nottingham Forest,1,0,1,0,1:1,0,1
GB1-2024,R-2024-01,12,Tottenham Hotspur,1,0,1,0,1:1,0,1
GB1-2024,R-2024-01,13,Crystal Palace,1,0,0,1,1:2,-1,0
GB1-2024,R-2024-01,14,West Ham United,1,0,0,1,1:2,-1,0
GB1-2024,R-2024-01,15,Fulham FC,1,0,0,1,0:1,-1,0
GB1-2024,R-2024-01,16,Southampton FC,1,0,0,1,0:1,-1,0
GB1-2024,R-2024-01,17,Chelsea FC,1,0,0,1,0:2,-2,0
GB1-2024,R-2024-01,18,Ipswich Town,1,0,0,1,0:2,-2,0
GB1-2024,R-2024-01,19,Wolverhampton Wanderers,1,0,0,1,0:2,-2,0
GB1-2024,R-2024-01,20,Everton FC,1,0,0,1,0:3,-3,0
GB1-2024,R-2024-02,1,Manchester City,2,2,0,0,6:1,5,6
GB1-2024,R-2024-02,2,Brighton & Hove Albion,2,2,0,0,5:1,4,6
GB1-2024,R-2024-02,3,Arsenal FC,2,2,0,0,4:0,4,6
GB1-2024,R-2024-02,4,Liverpool FC,2,2,0,0,4:0,4,6
GB1-2024,R-2024-02,5,Tottenham Hotspur,2,1,1,0,5:1,4,4
GB1-2024,R-2024-02,6,Newcastle United,2,1,1,0,2:1,1,4
GB1-2024,R-2024-02,7,Nottingham Forest,2,1,1,0,2:1,1,4
GB1-2024,R-2024-02,8,Chelsea FC,2,1,0,1,6:4,2,3
GB1-2024,R-2024-02,9,West Ham United,2,1,0,1,3:2,1,3
GB1-2024,R-2024-02,10,Fulham FC,2,1,0,1,2:2,0,3
GB1-2024,R-2024-02,11,Manchester United,2,1,0,1,2:2,0,3
GB1-2024,R-2024-02,12,Aston Villa,2,1,0,1,2:3,-1,3
GB1-2024,R-2024-02,13,Brentford FC,2,1,0,1,2:3,-1,3
GB1-2024,R-2024-02,14,AFC Bournemouth,2,0,2,0,2:2,0,2
GB1-2024,R-2024-02,15,Leicester City,2,0,1,1,2:3,-1,1
GB1-2024,R-2024-02,16,Southampton FC,2,0,0,2,0:2,-2,0
GB1-2024,R-2024-02,17,Crystal Palace,2,0,0,2,1:4,-3,0
GB1-2024,R-2024-02,18,Ipswich Town,2,0,0,2,1:6,-5,0
GB1-2024,R-2024-02,19,Wolverhampton Wanderers,2,0,0,2,2:8,-6,0
GB1-2024,R-2024-02,20,Everton FC,2,0,0,2,0:7,-7,0
GB1-2024,R-2024-03,1,Manchester City,3,3,0,0,9:2,7,9
GB1-2024,R-2024-03,2,Liverpool FC,3,3,0,0,7:0,7,9
GB1-2024,R-2024-03,3,Brighton & Hove Albion,3,2,1,0,6:2,4,7
GB1-2024,R-2024-03,4,Arsenal FC,3,2,1,0,5:1,4,7
GB1-2024,R-2024-03,5,Newcastle United,3,2,1,0,4:2,2,7
GB1-2024,R-2024-03,6,Brentford FC,3,2,0,1,5:4,1,6
GB1-2024,R-2024-03,7,Aston Villa,3,2,0,1,4:4,0,6
GB1-2024,R-2024-03,8,AFC Bournemouth,3,1,2,0,5:4,1,5
GB1-2024,R-2024-03,9,Nottingham Forest,3,1,2,0,3:2,1,5
GB1-2024,R-2024-03,10,Tottenham Hotspur,3,1,1,1,6:3,3,4
GB1-2024,R-2024-03,11,Chelsea FC,3,1,1,1,7:5,2,4
GB1-2024,R-2024-03,12,Fulham FC,3,1,1,1,3:3,0,4
GB1-2024,R-2024-03,13,West Ham United,3,1,0,2,4:5,-1,3
GB1-2024,R-2024-03,14,Manchester United,3,1,0,2,2:5,-3,3
GB1-2024,R-2024-03,15,Leicester City,3,0,1,2,3:5,-2,1
GB1-2024,R-2024-03,16,Crystal Palace,3,0,1,2,2:5,-3,1
GB1-2024,R-2024-03,17,Ipswich Town,3,0,1,2,2:7,-5,1
GB1-2024,R-2024-03,18,Wolverhampton Wanderers,3,0,1,2,3:9,-6,1
GB1-2024,R-2024-03,19,Southampton FC,3,0,0,3,1:5,-4,0
GB1-2024,R-2024-03,20,Everton FC,3,0,0,3,2:10,-8,0
GB1-2024,R-2024-04,1,Manchester City,4,4,0,0,11:3,8,12
GB1-2024,R-2024-04,2,Arsenal FC,4,3,1,0,6:1,5,10
GB1-2024,R-2024-04,3,Newcastle United,4,3,1,0,6:3,3,10
GB1-2024,R-2024-04,4,Liverpool FC,4,3,0,1,7:1,6,9
GB1-2024,R-2024-04,5,Aston Villa,4,3,0,1,7:6,1,9
GB1-2024,R-2024-04,6,Brighton & Hove Albion,4,2,2,0,6:2,4,8
GB1-2024,R-2024-04,7,Nottingham Forest,4,2,2,0,4:2,2,8
GB1-2024,R-2024-04,8,Chelsea FC,4,2,1,1,8:5,3,7
GB1-2024,R-2024-04,9,Brentford FC,4,2,0,2,6:6,0,6
GB1-2024,R-2024-04,10,Manchester United,4,2,0,2,5:5,0,6
GB1-2024,R-2024-04,11,AFC Bournemouth,4,1,2,1,5:5,0,5
GB1-2024,R-2024-04,12,Fulham FC,4,1,2,1,4:4,0,5
GB1-2024,R-2024-04,13,Tottenham Hotspur,4,1,1,2,6:4,2,4
GB1-2024,R-2024-04,14,West Ham United,4,1,1,2,5:6,-1,4
GB1-2024,R-2024-04,15,Leicester City,4,0,2,2,5:7,-2,2
GB1-2024,R-2024-04,16,Crystal Palace,4,0,2,2,4:7,-3,2
GB1-2024,R-2024-04,17,Ipswich Town,4,0,2,2,2:7,-5,2
GB1-2024,R-2024-04,18,Wolverhampton Wanderers,4,0,1,3,4:11,-7,1
GB1-2024,R-2024-04,19,Southampton FC,4,0,0,4,1:8,-7,0
GB1-2024,R-2024-04,20,Everton FC,4,0,0,4,4:13,-9,0
GB1-2024,R-2024-05,1,Manchester City,5,4,1,0,13:5,8,13
GB1-2024,R-2024-05,2,Liverpool FC,5,4,0,1,10:1,9,12
GB1-2024,R-2024-05,3,Aston Villa,5,4,0,1,10:7,3,12
GB1-2024,R-2024-05,4,Arsenal FC,5,3,2,0,8:3,5,11
GB1-2024,R-2024-05,5,Chelsea FC,5,3,1,1,11:5,6,10
GB1-2024,R-2024-05,6,Newcastle United,5,3,1,1,7:6,1,10
GB1-2024,R-2024-05,7,Brighton & Hove Albion,5,2,3,0,8:4,4,9
GB1-2024,R-2024-05,8,Nottingham Forest,5,2,3,0,6:4,2,9
GB1-2024,R-2024-05,9,Fulham FC,5,2,2,1,7:5,2,8
GB1-2024,R-2024-05,10,Tottenham Hotspur,5,2,1,2,9:5,4,7
GB1-2024,R-2024-05,11,Manchester United,5,2,1,2,5:5,0,7
GB1-2024,R-2024-05,12,Brentford FC,5,2,0,3,7:9,-2,6
GB1-2024,R-2024-05,13,AFC Bournemouth,5,1,2,2,5:8,-3,5
GB1-2024,R-2024-05,14,West Ham United,5,1,1,3,5:9,-4,4
GB1-2024,R-2024-05,15,Leicester City,5,0,3,2,6:8,-2,3
GB1-2024,R-2024-05,16,Crystal Palace,5,0,3,2,4:7,-3,3
GB1-2024,R-2024-05,17,Ipswich Town,5,0,3,2,3:8,-5,3
GB1-2024,R-2024-05,18,Southampton FC,5,0,1,4,2:9,-7,1
GB1-2024,R-2024-05,19,Everton FC,5,0,1,4,5:14,-9,1
GB1-2024,R-2024-05,20,Wolverhampton Wanderers,5,0,1,4,5:14,-9,1
GB1-2024,R-2024-06,1,Liverpool FC,6,5,0,1,12:2,10,15
GB1-2024,R-2024-06,2,Manchester City,6,4,2,0,14:6,8,14
GB1-2024,R-2024-06,3,Arsenal FC,6,4,2,0,12:5,7,14
GB1-2024,R-2024-06,4,Chelsea FC,6,4,1,1,15:7,8,13
GB1-2024,R-2024-06,5,Aston Villa,6,4,1,1,12:9,3,13
GB1-2024,R-2024-06,6,Fulham FC,6,3,2,1,8:5,3,11
GB1-2024,R-2024-06,7,Newcastle United,6,3,2,1,8:7,1,11
GB1-2024,R-2024-06,8,Tottenham Hotspur,6,3,1,2,12:5,7,10
GB1-2024,R-2024-06,9,Brighton & Hove Albion,6,2,3,1,10:8,2,9
GB1-2024,R-2024-06,10,Nottingham Forest,6,2,3,1,6:5,1,9
GB1-2024,R-2024-06,11,AFC Bournemouth,6,2,2,2,8:9,-1,8
GB1-2024,R-2024-06,12,Brentford FC,6,2,1,3,8:10,-2,7
GB1-2024,R-2024-06,13,Manchester United,6,2,1,3,5:8,-3,7
GB1-2024,R-2024-06,14,West Ham United,6,1,2,3,6:10,-4,5
GB1-2024,R-2024-06,15,Ipswich Town,6,0,4,2,5:10,-5,4
GB1-2024,R-2024-06,16,Everton FC,6,1,1,4,7:15,-8,4
GB1-2024,R-2024-06,17,Leicester City,6,0,3,3,8:12,-4,3
GB1-2024,R-2024-06,18,Crystal Palace,6,0,3,3,5:9,-4,3
GB1-2024,R-2024-06,19,Southampton FC,6,0,1,5,3:12,-9,1
GB1-2024,R-2024-06,20,Wolverhampton Wanderers,6,0,1,5,6:16,-10,1
GB1-2024,R-2024-07,1,Liverpool FC,7,6,0,1,13:2,11,18
GB1-2024,R-2024-07,2,Manchester City,7,5,2,0,17:8,9,17
GB1-2024,R-2024-07,3,Arsenal FC,7,5,2,0,15:6,9,17
GB1-2024,R-2024-07,4,Chelsea FC,7,4,2,1,16:8,8,14
GB1-2024,R-2024-07,5,Aston Villa,7,4,2,1,12:9,3,14
GB1-2024,R-2024-07,6,Brighton & Hove Albion,7,3,3,1,13:10,3,12
GB1-2024,R-2024-07,7,Newcastle United,7,3,3,1,8:7,1,12
GB1-2024,R-2024-07,8,Fulham FC,7,3,2,2,10:8,2,11
GB1-2024,R-2024-07,9,Tottenham Hotspur,7,3,1,3,14:8,6,10
GB1-2024,R-2024-07,10,Nottingham Forest,7,2,4,1,7:6,1,10
GB1-2024,R-2024-07,11,Brentford FC,7,3,1,3,13:13,0,10
GB1-2024,R-2024-07,12,West Ham United,7,2,2,3,10:11,-1,8
GB1-2024,R-2024-07,13,AFC Bournemouth,7,2,2,3,8:10,-2,8
GB1-2024,R-2024-07,14,Manchester United,7,2,2,3,5:8,-3,8
GB1-2024,R-2024-07,15,Leicester City,7,1,3,3,9:12,-3,6
GB1-2024,R-2024-07,16,Everton FC,7,1,2,4,7:15,-8,5
GB1-2024,R-2024-07,17,Ipswich Town,7,0,4,3,6:14,-8,4
GB1-2024,R-2024-07,18,Crystal Palace,7,0,3,4,5:10,-5,3
GB1-2024,R-2024-07,19,Southampton FC,7,0,1,6,4:15,-11,1
GB1-2024,R-2024-07,20,Wolverhampton Wanderers,7,0,1,6,9:21,-12,1
GB1-2024,R-2024-08,1,Liverpool FC,8,7,0,1,15:3,12,21
GB1-2024,R-2024-08,2,Manchester City,8,6,2,0,19:9,10,20
GB1-2024,R-2024-08,3,Arsenal FC,8,5,2,1,15:8,7,17
GB1-2024,R-2024-08,4,Aston Villa,8,5,2,1,15:10,5,17
GB1-2024,R-2024-08,5,Brighton & Hove Albion,8,4,3,1,14:10,4,15
GB1-2024,R-2024-08,6,Chelsea FC,8,4,2,2,17:10,7,14
GB1-2024,R-2024-08,7,Tottenham Hotspur,8,4,1,3,18:9,9,13
GB1-2024,R-2024-08,8,Nottingham Forest,8,3,4,1,8:6,2,13
GB1-2024,R-2024-08,9,Newcastle United,8,3,3,2,8:8,0,12
GB1-2024,R-2024-08,10,Fulham FC,8,3,2,3,11:11,0,11
GB1-2024,R-2024-08,11,AFC Bournemouth,8,3,2,3,10:10,0,11
GB1-2024,R-2024-08,12,Manchester United,8,3,2,3,7:9,-2,11
GB1-2024,R-2024-08,13,Brentford FC,8,3,1,4,14:15,-1,10
GB1-2024,R-2024-08,14,Leicester City,8,2,3,3,12:14,-2,9
GB1-2024,R-2024-08,15,West Ham United,8,2,2,4,11:15,-4,8
GB1-2024,R-2024-08,16,Everton FC,8,2,2,4,9:15,-6,8
GB1-2024,R-2024-08,17,Ipswich Town,8,0,4,4,6:16,-10,4
GB1-2024,R-2024-08,18,Crystal Palace,8,0,3,5,5:11,-6,3
GB1-2024,R-2024-08,19,Southampton FC,8,0,1,7,6:18,-12,1
GB1-2024,R-2024-08,20,Wolverhampton Wanderers,8,0,1,7,10:23,-13,1
GB1-2024,R-2024-09,1,Manchester City,9,7,2,0,20:9,11,23
GB1-2024,R-2024-09,2,Liverpool FC,9,7,1,1,17:5,12,22
GB1-2024,R-2024-09,3,Arsenal FC,9,5,3,1,17:10,7,18
GB1-2024,R-2024-09,4,Aston Villa,9,5,3,1,16:11,5,18
GB1-2024,R-2024-09,5,Chelsea FC,9,5,2,2,19:11,8,17
GB1-2024,R-2024-09,6,Brighton & Hove Albion,9,4,4,1,16:12,4,16
GB1-2024,R-2024-09,7,Nottingham Forest,9,4,4,1,11:7,4,16
GB1-2024,R-2024-09,8,Tottenham Hotspur,9,4,1,4,18:10,8,13
GB1-2024,R-2024-09,9,Brentford FC,9,4,1,4,18:18,0,13
GB1-2024,R-2024-09,10,Fulham FC,9,3,3,3,12:12,0,12
GB1-2024,R-2024-09,11,AFC Bournemouth,9,3,3,3,11:11,0,12
GB1-2024,R-2024-09,12,Newcastle United,9,3,3,3,9:10,-1,12
GB1-2024,R-2024-09,13,West Ham United,9,3,2,4,13:16,-3,11
GB1-2024,R-2024-09,14,Manchester United,9,3,2,4,8:11,-3,11
GB1-2024,R-2024-09,15,Leicester City,9,2,3,4,13:17,-4,9
GB1-2024,R-2024-09,16,Everton FC,9,2,3,4,10:16,-6,9
GB1-2024,R-2024-09,17,Crystal Palace,9,1,3,5,6:11,-5,6
GB1-2024,R-2024-09,18,Ipswich Town,9,0,4,5,9:20,-11,4
GB1-2024,R-2024-09,19,Wolverhampton Wanderers,9,0,2,7,12:25,-13,2
GB1-2024,R-2024-09,20,Southampton FC,9,0,1,8,6:19,-13,1
GB1-2024,R-2024-10,1,Liverpool FC,10,8,1,1,19:6,13,25
GB1-2024,R-2024-10,2,Manchester City,10,7,2,1,21:11,10,23
GB1-2024,R-2024-10,3,Nottingham Forest,10,5,4,1,14:7,7,19
GB1-2024,R-2024-10,4,Chelsea FC,10,5,3,2,20:12,8,18
GB1-2024,R-2024-10,5,Arsenal FC,10,5,3,2,17:11,6,18
GB1-2024,R-2024-10,6,Aston Villa,10,5,3,2,17:15,2,18
GB1-2024,R-2024-10,7,Tottenham Hotspur,10,5,1,4,22:11,11,16
GB1-2024,R-2024-10,8,Brighton & Hove Albion,10,4,4,2,17:14,3,16
GB1-2024,R-2024-10,9,Fulham FC,10,4,3,3,14:13,1,15
GB1-2024,R-2024-10,10,AFC Bournemouth,10,4,3,3,13:12,1,15
GB1-2024,R-2024-10,11,Newcastle United,10,4,3,3,10:10,0,15
GB1-2024,R-2024-10,12,Brentford FC,10,4,1,5,19:20,-1,13
GB1-2024,R-2024-10,13,Manchester United,10,3,3,4,9:12,-3,12
GB1-2024,R-2024-10,14,West Ham United,10,3,2,5,13:19,-6,11
GB1-2024,R-2024-10,15,Leicester City,10,2,4,4,14:18,-4,10
GB1-2024,R-2024-10,16,Everton FC,10,2,3,5,10:17,-7,9
GB1-2024,R-2024-10,17,Crystal Palace,10,1,4,5,8:13,-5,7
GB1-2024,R-2024-10,18,Ipswich Town,10,0,5,5,10:21,-11,5
GB1-2024,R-2024-10,19,Southampton FC,10,1,1,8,7:19,-12,4
GB1-2024,R-2024-10,20,Wolverhampton Wanderers,10,0,3,7,14:27,-13,3
GB1-2024,R-2024-11,1,Liverpool FC,11,9,1,1,21:6,15,28
GB1-2024,R-2024-11,2,Manchester City,11,7,2,2,22:13,9,23
GB1-2024,R-2024-11,3,Chelsea FC,11,5,4,2,21:13,8,19
GB1-2024,R-2024-11,4,Arsenal FC,11,5,4,2,18:12,6,19
GB1-2024,R-2024-11,5,Nottingham Forest,11,5,4,2,15:10,5,19
GB1-2024,R-2024-11,6,Brighton & Hove Albion,11,5,4,2,19:15,4,19
GB1-2024,R-2024-11,7,Fulham FC,11,5,3,3,16:13,3,18
GB1-2024,R-2024-11,8,Newcastle United,11,5,3,3,13:11,2,18
GB1-2024,R-2024-11,9,Aston Villa,11,5,3,3,17:17,0,18
GB1-2024,R-2024-11,10,Tottenham Hotspur,11,5,1,5,23:13,10,16
GB1-2024,R-2024-11,11,Brentford FC,11,5,1,5,22:22,0,16
GB1-2024,R-2024-11,12,AFC Bournemouth,11,4,3,4,15:15,0,15
GB1-2024,R-2024-11,13,Manchester United,11,4,3,4,12:12,0,15
GB1-2024,R-2024-11,14,West Ham United,11,3,3,5,13:19,-6,12
GB1-2024,R-2024-11,15,Leicester City,11,2,4,5,14:21,-7,10
GB1-2024,R-2024-11,16,Everton FC,11,2,4,5,10:17,-7,10
GB1-2024,R-2024-11,17,Ipswich Town,11,1,5,5,12:22,-10,8
GB1-2024,R-2024-11,18,Crystal Palace,11,1,4,6,8:15,-7,7
GB1-2024,R-2024-11,19,Wolverhampton Wanderers,11,1,3,7,16:27,-11,6
GB1-2024,R-2024-11,20,Southampton FC,11,1,1,9,7:21,-14,4
GB1-2024,R-2024-12,1,Liverpool FC,12,10,1,1,24:8,16,31
GB1-2024,R-2024-12,2,Manchester City,12,7,2,3,22:17,5,23
GB1-2024,R-2024-12,3,Chelsea FC,12,6,4,2,23:14,9,22
GB1-2024,R-2024-12,4,Arsenal FC,12,6,4,2,21:12,9,22
GB1-2024,R-2024-12,5,Brighton & Hove Albion,12,6,4,2,21:16,5,22
GB1-2024,R-2024-12,6,Tottenham Hotspur,12,6,1,5,27:13,14,19
GB1-2024,R-2024-12,7,Nottingham Forest,12,5,4,3,15:13,2,19
GB1-2024,R-2024-12,8,Aston Villa,12,5,4,3,19:19,0,19
GB1-2024,R-2024-12,9,Fulham FC,12,5,3,4,17:17,0,18
GB1-2024,R-2024-12,10,Newcastle United,12,5,3,4,13:13,0,18
GB1-2024,R-2024-12,11,Brentford FC,12,5,2,5,22:22,0,17
GB1-2024,R-2024-12,12,Manchester United,12,4,4,4,13:13,0,16
GB1-2024,R-2024-12,13,AFC Bournemouth,12,4,3,5,16:17,-1,15
GB1-2024,R-2024-12,14,West Ham United,12,4,3,5,15:19,-4,15
GB1-2024,R-2024-12,15,Everton FC,12,2,5,5,10:17,-7,11
GB1-2024,R-2024-12,16,Leicester City,12,2,4,6,15:23,-8,10
GB1-2024,R-2024-12,17,Wolverhampton Wanderers,12,2,3,7,20:28,-8,9
GB1-2024,R-2024-12,18,Ipswich Town,12,1,6,5,13:23,-10,9
GB1-2024,R-2024-12,19,Crystal Palace,12,1,5,6,10:17,-7,8
GB1-2024,R-2024-12,20,Southampton FC,12,1,1,10,9:24,-15,4
GB1-2024,R-2024-13,1,Liverpool FC,13,11,1,1,26:8,18,34
GB1-2024,R-2024-13,2,Arsenal FC,13,7,4,2,26:14,12,25
GB1-2024,R-2024-13,3,Chelsea FC,13,7,4,2,26:14,12,25
GB1-2024,R-2024-13,4,Brighton & Hove Albion,13,6,5,2,22:17,5,23
GB1-2024,R-2024-13,5,Manchester City,13,7,2,4,22:19,3,23
GB1-2024,R-2024-13,6,Nottingham Forest,13,6,4,3,16:13,3,22
GB1-2024,R-2024-13,7,Tottenham Hotspur,13,6,2,5,28:14,14,20
GB1-2024,R-2024-13,8,Brentford FC,13,6,2,5,26:23,3,20
GB1-2024,R-2024-13,9,Manchester United,13,5,4,4,17:13,4,19
GB1-2024,R-2024-13,10,Fulham FC,13,5,4,4,18:18,0,19
GB1-2024,R-2024-13,11,Newcastle United,13,5,4,4,14:14,0,19
GB1-2024,R-2024-13,12,Aston Villa,13,5,4,4,19:22,-3,19
GB1-2024,R-2024-13,13,AFC Bournemouth,13,5,3,5,20:19,1,18
GB1-2024,R-2024-13,14,West Ham United,13,4,3,6,17:24,-7,15
GB1-2024,R-2024-13,15,Everton FC,13,2,5,6,10:21,-11,11
GB1-2024,R-2024-13,16,Leicester City,13,2,4,7,16:27,-11,10
GB1-2024,R-2024-13,17,Crystal Palace,13,1,6,6,11:18,-7,9
GB1-2024,R-2024-13,18,Wolverhampton Wanderers,13,2,3,8,22:32,-10,9
GB1-2024,R-2024-13,19,Ipswich Town,13,1,6,6,13:24,-11,9
GB1-2024,R-2024-13,20,Southampton FC,13,1,2,10,10:25,-15,5
GB1-2024,R-2024-14,1,Liverpool FC,14,11,2,1,29:11,18,35
GB1-2024,R-2024-14,2,Chelsea FC,14,8,4,2,31:15,16,28
GB1-2024,R-2024-14,3,Arsenal FC,14,8,4,2,28:14,14,28
GB1-2024,R-2024-14,4,Manchester City,14,8,2,4,25:19,6,26
GB1-2024,R-2024-14,5,Brighton & Hove Albion,14,6,5,3,23:20,3,23
GB1-2024,R-2024-14,6,Fulham FC,14,6,4,4,21:19,2,22
GB1-2024,R-2024-14,7,Nottingham Forest,14,6,4,4,16:16,0,22
GB1-2024,R-2024-14,8,Aston Villa,14,6,4,4,22:23,-1,22
GB1-2024,R-2024-14,9,AFC Bournemouth,14,6,3,5,21:19,2,21
GB1-2024,R-2024-14,10,Tottenham Hotspur,14,6,2,6,28:15,13,20
GB1-2024,R-2024-14,11,Brentford FC,14,6,2,6,27:26,1,20
GB1-2024,R-2024-14,12,Newcastle United,14,5,5,4,17:17,0,20
GB1-2024,R-2024-14,13,Manchester United,14,5,4,5,17:15,2,19
GB1-2024,R-2024-14,14,West Ham United,14,4,3,7,18:27,-9,15
GB1-2024,R-2024-14,15,Everton FC,14,3,5,6,14:21,-7,14
GB1-2024,R-2024-14,16,Leicester City,14,3,4,7,19:28,-9,13
GB1-2024,R-2024-14,17,Crystal Palace,14,2,6,6,12:18,-6,12
GB1-2024,R-2024-14,18,Ipswich Town,14,1,6,7,13:25,-12,9
GB1-2024,R-2024-14,19,Wolverhampton Wanderers,14,2,3,9,22:36,-14,9
GB1-2024,R-2024-14,20,Southampton FC,14,1,2,11,11:30,-19,5
GB1-2024,R-2024-15,1,Liverpool FC,15,11,3,1,31:13,18,36
GB1-2024,R-2024-15,2,Chelsea FC,15,9,4,2,35:18,17,31
GB1-2024,R-2024-15,3,Arsenal FC,15,8,5,2,29:15,14,29
GB1-2024,R-2024-15,4,Manchester City,15,8,3,4,27:21,6,27
GB1-2024,R-2024-15,5,Nottingham Forest,15,7,4,4,19:18,1,25
GB1-2024,R-2024-15,6,Aston Villa,15,7,4,4,23:23,0,25
GB1-2024,R-2024-15,7,Brighton & Hove Albion,15,6,6,3,25:22,3,24
GB1-2024,R-2024-15,8,AFC Bournemouth,15,7,3,5,23:20,3,24
GB1-2024,R-2024-15,9,Brentford FC,15,7,2,6,31:28,3,23
GB1-2024,R-2024-15,10,Fulham FC,15,6,5,4,22:20,2,23
GB1-2024,R-2024-15,11,Tottenham Hotspur,15,6,2,7,31:19,12,20
GB1-2024,R-2024-15,12,Newcastle United,15,5,5,5,19:21,-2,20
GB1-2024,R-2024-15,13,Manchester United,15,5,4,6,19:18,1,19
GB1-2024,R-2024-15,14,West Ham United,15,5,3,7,20:28,-8,18
GB1-2024,R-2024-15,15,Everton FC,15,3,6,6,16:23,-7,15
GB1-2024,R-2024-15,16,Leicester City,15,3,5,7,21:30,-9,14
GB1-2024,R-2024-15,17,Crystal Palace,15,2,7,6,14:20,-6,13
GB1-2024,R-2024-15,18,Ipswich Town,15,1,6,8,14:27,-13,9
GB1-2024,R-2024-15,19,Wolverhampton Wanderers,15,2,3,10,23:38,-15,9
GB1-2024,R-2024-15,20,Southampton FC,15,1,2,12,11:31,-20,5
GB1-2024,R-2024-16,1,Liverpool FC,16,11,4,1,33:15,18,37
GB1-2024,R-2024-16,2,Chelsea FC,16,10,4,2,37:19,18,34
GB1-2024,R-2024-16,3,Arsenal FC,16,8,6,2,29:15,14,30
GB1-2024,R-2024-16,4,Nottingham Forest,16,8,4,4,21:19,2,28
GB1-2024,R-2024-16,5,Manchester City,16,8,3,5,28:23,5,27
GB1-2024,R-2024-16,6,AFC Bournemouth,16,7,4,5,24:21,3,25
GB1-2024,R-2024-16,7,Aston Villa,16,7,4,5,24:25,-1,25
GB1-2024,R-2024-16,8,Fulham FC,16,6,6,4,24:22,2,24
GB1-2024,R-2024-16,9,Brighton & Hove Albion,16,6,6,4,26:25,1,24
GB1-2024,R-2024-16,10,Tottenham Hotspur,16,7,2,7,36:19,17,23
GB1-2024,R-2024-16,11,Brentford FC,16,7,2,7,32:30,2,23
GB1-2024,R-2024-16,12,Newcastle United,16,6,5,5,23:21,2,23
GB1-2024,R-2024-16,13,Manchester United,16,6,4,6,21:19,2,22
GB1-2024,R-2024-16,14,West Ham United,16,5,4,7,21:29,-8,19
GB1-2024,R-2024-16,15,Crystal Palace,16,3,7,6,17:21,-4,16
GB1-2024,R-2024-16,16,Everton FC,16,3,7,6,16:23,-7,16
GB1-2024,R-2024-16,17,Leicester City,16,3,5,8,21:34,-13,14
GB1-2024,R-2024-16,18,Ipswich Town,16,2,6,8,16:28,-12,12
GB1-2024,R-2024-16,19,Wolverhampton Wanderers,16,2,3,11,24:40,-16,9
GB1-2024,R-2024-16,20,Southampton FC,16,1,2,13,11:36,-25,5
GB1-2024,R-2024-17,1,Liverpool FC,17,12,4,1,39:18,21,40
GB1-2024,R-2024-17,2,Chelsea FC,17,10,5,2,37:19,18,35
GB1-2024,R-2024-17,3,Arsenal FC,17,9,6,2,34:16,18,33
GB1-2024,R-2024-17,4,Nottingham Forest,17,9,4,4,23:19,4,31
GB1-2024,R-2024-17,5,AFC Bournemouth,17,8,4,5,27:21,6,28
GB1-2024,R-2024-17,6,Aston Villa,17,8,4,5,26:26,0,28
GB1-2024,R-2024-17,7,Manchester City,17,8,3,6,29:25,4,27
GB1-2024,R-2024-17,8,Newcastle United,17,7,5,5,27:21,6,26
GB1-2024,R-2024-17,9,Fulham FC,17,6,7,4,24:22,2,25
GB1-2024,R-2024-17,10,Brighton & Hove Albion,17,6,7,4,27:26,1,25
GB1-2024,R-2024-17,11,Tottenham Hotspur,17,7,2,8,39:25,14,23
GB1-2024,R-2024-17,12,Brentford FC,17,7,2,8,32:32,0,23
GB1-2024,R-2024-17,13,Manchester United,17,6,4,7,21:22,-1,22
GB1-2024,R-2024-17,14,West Ham United,17,5,5,7,22:30,-8,20
GB1-2024,R-2024-17,15,Everton FC,17,3,8,6,16:23,-7,17
GB1-2024,R-2024-17,16,Crystal Palace,17,3,7,7,18:26,-8,16
GB1-2024,R-2024-17,17,Leicester City,17,3,5,9,21:37,-16,14
GB1-2024,R-2024-17,18,Wolverhampton Wanderers,17,3,3,11,27:40,-13,12
GB1-2024,R-2024-17,19,Ipswich Town,17,2,6,9,16:32,-16,12
GB1-2024,R-2024-17,20,Southampton FC,17,1,3,13,11:36,-25,6
GB1-2024,R-2024-18,1,Liverpool FC,18,13,4,1,42:19,23,43
GB1-2024,R-2024-18,2,Arsenal FC,18,10,6,2,35:16,19,36
GB1-2024,R-2024-18,3,Chelsea FC,18,10,5,3,38:21,17,35
GB1-2024,R-2024-18,4,Nottingham Forest,18,10,4,4,24:19,5,34
GB1-2024,R-2024-18,5,Newcastle United,18,8,5,5,30:21,9,29
GB1-2024,R-2024-18,6,AFC Bournemouth,18,8,5,5,27:21,6,29
GB1-2024,R-2024-18,7,Manchester City,18,8,4,6,30:26,4,28
GB1-2024,R-2024-18,8,Fulham FC,18,7,7,4,26:23,3,28
GB1-2024,R-2024-18,9,Aston Villa,18,8,4,6,26:29,-3,28
GB1-2024,R-2024-18,10,Brighton & Hove Albion,18,6,8,4,27:26,1,26
GB1-2024,R-2024-18,11,Brentford FC,18,7,3,8,32:32,0,24
GB1-2024,R-2024-18,12,Tottenham Hotspur,18,7,2,9,39:26,13,23
GB1-2024,R-2024-18,13,West Ham United,18,6,5,7,23:30,-7,23
GB1-2024,R-2024-18,14,Manchester United,18,6,4,8,21:24,-3,22
GB1-2024,R-2024-18,15,Everton FC,18,3,9,6,17:24,-7,18
GB1-2024,R-2024-18,16,Crystal Palace,18,3,8,7,18:26,-8,17
GB1-2024,R-2024-18,17,Wolverhampton Wanderers,18,4,3,11,29:40,-11,15
GB1-2024,R-2024-18,18,Leicester City,18,3,5,10,22:40,-18,14
GB1-2024,R-2024-18,19,Ipswich Town,18,2,6,10,16:33,-17,12
GB1-2024,R-2024-18,20,Southampton FC,18,1,3,14,11:37,-26,6
GB1-2024,R-2024-19,1,Liverpool FC,19,14,4,1,47:19,28,46
GB1-2024,R-2024-19,2,Arsenal FC,19,11,6,2,38:17,21,39
GB1-2024,R-2024-19,3,Nottingham Forest,19,11,4,4,26:19,7,37
GB1-2024,R-2024-19,4,Chelsea FC,19,10,5,4,38:23,15,35
GB1-2024,R-2024-19,5,Newcastle United,19,9,5,5,32:21,11,32
GB1-2024,R-2024-19,6,Manchester City,19,9,4,6,32:26,6,31
GB1-2024,R-2024-19,7,AFC Bournemouth,19,8,6,5,29:23,6,30
GB1-2024,R-2024-19,8,Fulham FC,19,7,8,4,28:25,3,29
GB1-2024,R-2024-19,9,Aston Villa,19,8,5,6,28:31,-3,29
GB1-2024,R-2024-19,10,Brighton & Hove Albion,19,6,9,4,29:28,1,27
GB1-2024,R-2024-19,11,Tottenham Hotspur,19,7,3,9,41:28,13,24
GB1-2024,R-2024-19,12,Brentford FC,19,7,3,9,33:35,-2,24
GB1-2024,R-2024-19,13,West Ham United,19,6,5,8,23:35,-12,23
GB1-2024,R-2024-19,14,Manchester United,19,6,4,9,21:26,-5,22
GB1-2024,R-2024-19,15,Crystal Palace,19,4,8,7,20:27,-7,20
GB1-2024,R-2024-19,16,Everton FC,19,3,9,7,17:26,-9,18
GB1-2024,R-2024-19,17,Wolverhampton Wanderers,19,4,4,11,31:42,-11,16
GB1-2024,R-2024-19,18,Ipswich Town,19,3,6,10,18:33,-15,15
GB1-2024,R-2024-19,19,Leicester City,19,3,5,11,22:42,-20,14
GB1-2024,R-2024-19,20,Southampton FC,19,1,3,15,12:39,-27,6
GB1-2024,R-2024-20,1,Liverpool FC,20,14,5,1,49:21,28,47
GB1-2024,R-2024-20,2,Arsenal FC,20,11,7,2,39:18,21,40
GB1-2024,R-2024-20,3,Nottingham Forest,20,12,4,4,29:19,10,40
GB1-2024,R-2024-20,4,Chelsea FC,20,10,6,4,39:24,15,36
GB1-2024,R-2024-20,5,Newcastle United,20,10,5,5,34:22,12,35
GB1-2024,R-2024-20,6,Manchester City,20,10,4,6,36:27,9,34
GB1-2024,R-2024-20,7,AFC Bournemouth,20,9,6,5,30:23,7,33
GB1-2024,R-2024-20,8,Aston Villa,20,9,5,6,30:32,-2,32
GB1-2024,R-2024-20,9,Fulham FC,20,7,9,4,30:27,3,30
GB1-2024,R-2024-20,10,Brighton & Hove Albion,20,6,10,4,30:29,1,28
GB1-2024,R-2024-20,11,Brentford FC,20,8,3,9,38:35,3,27
GB1-2024,R-2024-20,12,Tottenham Hotspur,20,7,3,10,42:30,12,24
GB1-2024,R-2024-20,13,Manchester United,20,6,5,9,23:28,-5,23
GB1-2024,R-2024-20,14,West Ham United,20,6,5,9,24:39,-15,23
GB1-2024,R-2024-20,15,Crystal Palace,20,4,9,7,21:28,-7,21
GB1-2024,R-2024-20,16,Everton FC,20,3,9,8,17:27,-10,18
GB1-2024,R-2024-20,17,Wolverhampton Wanderers,20,4,4,12,31:45,-14,16
GB1-2024,R-2024-20,18,Ipswich Town,20,3,7,10,20:35,-15,16
GB1-2024,R-2024-20,19,Leicester City,20,3,5,12,23:44,-21,14
GB1-2024,R-2024-20,20,Southampton FC,20,1,3,16,12:44,-32,6
GB1-2024,R-2024-21,1,Liverpool FC,21,14,6,1,50:22,28,48
GB1-2024,R-2024-21,2,Arsenal FC,21,12,7,2,41:19,22,43
GB1-2024,R-2024-21,3,Nottingham Forest,21,12,5,4,30:20,10,41
GB1-2024,R-2024-21,4,Newcastle United,21,11,5,5,37:22,15,38
GB1-2024,R-2024-21,5,Chelsea FC,21,10,7,4,41:26,15,37
GB1-2024,R-2024-21,6,Manchester City,21,10,5,6,38:29,9,35
GB1-2024,R-2024-21,7,Aston Villa,21,10,5,6,31:32,-1,35
GB1-2024,R-2024-21,8,AFC Bournemouth,21,9,7,5,32:25,7,34
GB1-2024,R-2024-21,9,Brighton & Hove Albion,21,7,10,4,32:29,3,31
GB1-2024,R-2024-21,10,Fulham FC,21,7,9,5,32:30,2,30
GB1-2024,R-2024-21,11,Brentford FC,21,8,4,9,40:37,3,28
GB1-2024,R-2024-21,12,Manchester United,21,7,5,9,26:29,-3,26
GB1-2024,R-2024-21,13,West Ham United,21,7,5,9,27:41,-14,26
GB1-2024,R-2024-21,14,Tottenham Hotspur,21,7,3,11,43:32,11,24
GB1-2024,R-2024-21,15,Crystal Palace,21,5,9,7,23:28,-5,24
GB1-2024,R-2024-21,16,Everton FC,21,3,9,9,17:28,-11,18
GB1-2024,R-2024-21,17,Wolverhampton Wanderers,21,4,4,13,31:48,-17,16
GB1-2024,R-2024-21,18,Ipswich Town,21,3,7,11,20:37,-17,16
GB1-2024,R-2024-21,19,Leicester City,21,3,5,13,23:46,-23,14
GB1-2024,R-2024-21,20,Southampton FC,21,1,3,17,13:47,-34,6
GB1-2024,R-2024-22,1,Liverpool FC,22,15,6,1,52:22,30,51
GB1-2024,R-2024-22,2,Arsenal FC,22,12,8,2,43:21,22,44
GB1-2024,R-2024-22,3,Nottingham Forest,22,13,5,4,33:22,11,44
GB1-2024,R-2024-22,4,Chelsea FC,22,11,7,4,44:27,17,40
GB1-2024,R-2024-22,5,Manchester City,22,11,5,6,44:29,15,38
GB1-2024,R-2024-22,6,Newcastle United,22,11,5,6,38:26,12,38
GB1-2024,R-2024-22,7,AFC Bournemouth,22,10,7,5,36:26,10,37
GB1-2024,R-2024-22,8,Aston Villa,22,10,6,6,33:34,-1,36
GB1-2024,R-2024-22,9,Brighton & Hove Albion,22,8,10,4,35:30,5,34
GB1-2024,R-2024-22,10,Fulham FC,22,8,9,5,34:30,4,33
GB1-2024,R-2024-22,11,Brentford FC,22,8,4,10,40:39,1,28
GB1-2024,R-2024-22,12,Crystal Palace,22,6,9,7,25:28,-3,27
GB1-2024,R-2024-22,13,Manchester United,22,7,5,10,27:32,-5,26
GB1-2024,R-2024-22,14,West Ham United,22,7,5,10,27:43,-16,26
GB1-2024,R-2024-22,15,Tottenham Hotspur,22,7,3,12,45:35,10,24
GB1-2024,R-2024-22,16,Everton FC,22,4,9,9,20:30,-10,21
GB1-2024,R-2024-22,17,Wolverhampton Wanderers,22,4,4,14,32:51,-19,16
GB1-2024,R-2024-22,18,Ipswich Town,22,3,7,12,20:43,-23,16
GB1-2024,R-2024-22,19,Leicester City,22,3,5,14,23:48,-25,14
GB1-2024,R-2024-22,20,Southampton FC,22,1,3,18,15:50,-35,6
GB1-2024,R-2024-23,1,Liverpool FC,23,16,6,1,56:23,33,54
GB1-2024,R-2024-23,2,Arsenal FC,23,13,8,2,44:21,23,47
GB1-2024,R-2024-23,3,Nottingham Forest,23,13,5,5,33:27,6,44
GB1-2024,R-2024-23,4,Manchester City,23,12,5,6,47:30,17,41
GB1-2024,R-2024-23,5,Newcastle United,23,12,5,6,41:27,14,41
GB1-2024,R-2024-23,6,Chelsea FC,23,11,7,5,45:30,15,40
GB1-2024,R-2024-23,7,AFC Bournemouth,23,11,7,5,41:26,15,40
GB1-2024,R-2024-23,8,Aston Villa,23,10,7,6,34:35,-1,37
GB1-2024,R-2024-23,9,Brighton & Hove Albion,23,8,10,5,35:31,4,34
GB1-2024,R-2024-23,10,Fulham FC,23,8,9,6,34:31,3,33
GB1-2024,R-2024-23,11,Brentford FC,23,9,4,10,42:40,2,31
GB1-2024,R-2024-23,12,Manchester United,23,8,5,10,28:32,-4,29
GB1-2024,R-2024-23,13,Crystal Palace,23,6,9,8,26:30,-4,27
GB1-2024,R-2024-23,14,West Ham United,23,7,6,10,28:44,-16,27
GB1-2024,R-2024-23,15,Tottenham Hotspur,23,7,3,13,46:37,9,24
GB1-2024,R-2024-23,16,Everton FC,23,5,9,9,21:30,-9,24
GB1-2024,R-2024-23,17,Leicester City,23,4,5,14,25:49,-24,17
GB1-2024,R-2024-23,18,Wolverhampton Wanderers,23,4,4,15,32:52,-20,16
GB1-2024,R-2024-23,19,Ipswich Town,23,3,7,13,21:47,-26,16
GB1-2024,R-2024-23,20,Southampton FC,23,1,3,19,16:53,-37,6
GB1-2024,R-2024-24,1,Liverpool FC,24,17,6,1,58:23,35,57
GB1-2024,R-2024-24,2,Arsenal FC,24,14,8,2,49:22,27,50
GB1-2024,R-2024-24,3,Nottingham Forest,24,14,5,5,40:27,13,47
GB1-2024,R-2024-24,4,Chelsea FC,24,12,7,5,47:31,16,43
GB1-2024,R-2024-24,5,Manchester City,24,12,5,7,48:35,13,41
GB1-2024,R-2024-24,6,Newcastle United,24,12,5,7,42:29,13,41
GB1-2024,R-2024-24,7,AFC Bournemouth,24,11,7,6,41:28,13,40
GB1-2024,R-2024-24,8,Aston Villa,24,10,7,7,34:37,-3,37
GB1-2024,R-2024-24,9,Fulham FC,24,9,9,6,36:32,4,36
GB1-2024,R-2024-24,10,Brighton & Hove Albion,24,8,10,6,35:38,-3,34
GB1-2024,R-2024-24,11,Brentford FC,24,9,4,11,42:42,0,31
GB1-2024,R-2024-24,12,Crystal Palace,24,7,9,8,28:30,-2,30
GB1-2024,R-2024-24,13,Manchester United,24,8,5,11,28:34,-6,29
GB1-2024,R-2024-24,14,Tottenham Hotspur,24,8,3,13,48:37,11,27
GB1-2024,R-2024-24,15,Everton FC,24,6,9,9,25:30,-5,27
GB1-2024,R-2024-24,16,West Ham United,24,7,6,11,29:46,-17,27
GB1-2024,R-2024-24,17,Wolverhampton Wanderers,24,5,4,15,34:52,-18,19
GB1-2024,R-2024-24,18,Leicester City,24,4,5,15,25:53,-28,17
GB1-2024,R-2024-24,19,Ipswich Town,24,3,7,14,22:49,-27,16
GB1-2024,R-2024-24,20,Southampton FC,24,2,3,19,18:54,-36,9
GB1-2024,R-2024-25,1,Liverpool FC,25,18,6,1,60:24,36,60
GB1-2024,R-2024-25,2,Arsenal FC,25,15,8,2,51:22,29,53
GB1-2024,R-2024-25,3,Nottingham Forest,25,14,5,6,41:29,12,47
GB1-2024,R-2024-25,4,Manchester City,25,13,5,7,52:35,17,44
GB1-2024,R-2024-25,5,AFC Bournemouth,25,12,7,6,44:29,15,43
GB1-2024,R-2024-25,6,Chelsea FC,25,12,7,6,47:34,13,43
GB1-2024,R-2024-25,7,Newcastle United,25,12,5,8,42:33,9,41
GB1-2024,R-2024-25,8,Fulham FC,25,10,9,6,38:33,5,39
GB1-2024,R-2024-25,9,Aston Villa,25,10,8,7,35:38,-3,38
GB1-2024,R-2024-25,10,Brighton & Hove Albion,25,9,10,6,38:38,0,37
GB1-2024,R-2024-25,11,Brentford FC,25,10,4,11,43:42,1,34
GB1-2024,R-2024-25,12,Tottenham Hotspur,25,9,3,13,49:37,12,30
GB1-2024,R-2024-25,13,Crystal Palace,25,7,9,9,29:32,-3,30
GB1-2024,R-2024-25,14,Everton FC,25,7,9,9,27:31,-4,30
GB1-2024,R-2024-25,15,Manchester United,25,8,5,12,28:35,-7,29
GB1-2024,R-2024-25,16,West Ham United,25,7,6,12,29:47,-18,27
GB1-2024,R-2024-25,17,Wolverhampton Wanderers,25,5,4,16,35:54,-19,19
GB1-2024,R-2024-25,18,Ipswich Town,25,3,8,14,23:50,-27,17
GB1-2024,R-2024-25,19,Leicester City,25,4,5,16,25:55,-30,17
GB1-2024,R-2024-25,20,Southampton FC,25,2,3,20,19:57,-38,9
GB1-2024,R-2024-26,1,Liverpool FC,26,19,6,1,62:24,38,63
GB1-2024,R-2024-26,2,Arsenal FC,26,15,8,3,51:23,28,53
GB1-2024,R-2024-26,3,Nottingham Forest,26,14,5,7,44:33,11,47
GB1-2024,R-2024-26,4,Manchester City,26,13,5,8,52:37,15,44
GB1-2024,R-2024-26,5,Newcastle United,26,13,5,8,46:36,10,44
GB1-2024,R-2024-26,6,AFC Bournemouth,26,12,7,7,44:30,14,43
GB1-2024,R-2024-26,7,Chelsea FC,26,12,7,7,48:36,12,43
GB1-2024,R-2024-26,8,Aston Villa,26,11,8,7,37:39,-2,41
GB1-2024,R-2024-26,9,Brighton & Hove Albion,26,10,10,6,42:38,4,40
GB1-2024,R-2024-26,10,Fulham FC,26,10,9,7,38:35,3,39
GB1-2024,R-2024-26,11,Brentford FC,26,11,4,11,47:42,5,37
GB1-2024,R-2024-26,12,Tottenham Hotspur,26,10,3,13,53:38,15,33
GB1-2024,R-2024-26,13,Crystal Palace,26,8,9,9,31:32,-1,33
GB1-2024,R-2024-26,14,Everton FC,26,7,10,9,29:33,-4,31
GB1-2024,R-2024-26,15,Manchester United,26,8,6,12,30:37,-7,30
GB1-2024,R-2024-26,16,West Ham United,26,8,6,12,30:47,-17,30
GB1-2024,R-2024-26,17,Wolverhampton Wanderers,26,6,4,16,36:54,-18,22
GB1-2024,R-2024-26,18,Ipswich Town,26,3,8,15,24:54,-30,17
GB1-2024,R-2024-26,19,Leicester City,26,4,5,17,25:59,-34,17
GB1-2024,R-2024-26,20,Southampton FC,26,2,3,21,19:61,-42,9
GB1-2024,R-2024-27,1,Liverpool FC,27,20,6,1,64:24,40,66
GB1-2024,R-2024-27,2,Arsenal FC,27,15,9,3,51:23,28,54
GB1-2024,R-2024-27,3,Nottingham Forest,27,14,6,7,44:33,11,48
GB1-2024,R-2024-27,4,Manchester City,27,14,5,8,53:37,16,47
GB1-2024,R-2024-27,5,Chelsea FC,27,13,7,7,52:36,16,46
GB1-2024,R-2024-27,6,Newcastle United,27,13,5,9,46:38,8,44
GB1-2024,R-2024-27,7,AFC Bournemouth,27,12,7,8,45:32,13,43
GB1-2024,R-2024-27,8,Brighton & Hove Albion,27,11,10,6,44:39,5,43
GB1-2024,R-2024-27,9,Fulham FC,27,11,9,7,40:36,4,42
GB1-2024,R-2024-27,10,Aston Villa,27,11,8,8,38:43,-5,41
GB1-2024,R-2024-27,11,Brentford FC,27,11,5,11,48:43,5,38
GB1-2024,R-2024-27,12,Crystal Palace,27,9,9,9,35:33,2,36
GB1-2024,R-2024-27,13,Tottenham Hotspur,27,10,3,14,53:39,14,33
GB1-2024,R-2024-27,14,Manchester United,27,9,6,12,33:39,-6,33
GB1-2024,R-2024-27,15,West Ham United,27,9,6,12,32:47,-15,33
GB1-2024,R-2024-27,16,Everton FC,27,7,11,9,30:34,-4,32
GB1-2024,R-2024-27,17,Wolverhampton Wanderers,27,6,4,17,37:56,-19,22
GB1-2024,R-2024-27,18,Ipswich Town,27,3,8,16,26:57,-31,17
GB1-2024,R-2024-27,19,Leicester City,27,4,5,18,25:61,-36,17
GB1-2024,R-2024-27,20,Southampton FC,27,2,3,22,19:65,-46,9
GB1-2024,R-2024-28,1,Liverpool FC,28,21,6,1,67:25,42,69
GB1-2024,R-2024-28,2,Arsenal FC,28,15,10,3,52:24,28,55
GB1-2024,R-2024-28,3,Nottingham Forest,28,15,6,7,45:33,12,51
GB1-2024,R-2024-28,4,Chelsea FC,28,14,7,7,53:36,17,49
GB1-2024,R-2024-28,5,Manchester City,28,14,5,9,53:38,15,47
GB1-2024,R-2024-28,6,Newcastle United,28,14,5,9,47:38,9,47
GB1-2024,R-2024-28,7,Brighton & Hove Albion,28,12,10,6,46:40,6,46
GB1-2024,R-2024-28,8,AFC Bournemouth,28,12,8,8,47:34,13,44
GB1-2024,R-2024-28,9,Aston Villa,28,12,8,8,39:43,-4,44
GB1-2024,R-2024-28,10,Fulham FC,28,11,9,8,41:38,3,42
GB1-2024,R-2024-28,11,Crystal Palace,28,10,9,9,36:33,3,39
GB1-2024,R-2024-28,12,Brentford FC,28,11,5,12,48:44,4,38
GB1-2024,R-2024-28,13,Tottenham Hotspur,28,10,4,14,55:41,14,34
GB1-2024,R-2024-28,14,Manchester United,28,9,7,12,34:40,-6,34
GB1-2024,R-2024-28,15,Everton FC,28,7,12,9,31:35,-4,33
GB1-2024,R-2024-28,16,West Ham United,28,9,6,13,32:48,-16,33
GB1-2024,R-2024-28,17,Wolverhampton Wanderers,28,6,5,17,38:57,-19,23
GB1-2024,R-2024-28,18,Ipswich Town,28,3,8,17,26:58,-32,17
GB1-2024,R-2024-28,19,Leicester City,28,4,5,19,25:62,-37,17
GB1-2024,R-2024-28,20,Southampton FC,28,2,3,23,20:68,-48,9
GB1-2024,R-2024-29,1,Liverpool FC,29,21,7,1,69:27,42,70
GB1-2024,R-2024-29,2,Arsenal FC,29,16,10,3,53:24,29,58
GB1-2024,R-2024-29,3,Nottingham Forest,29,16,6,7,49:35,14,54
GB1-2024,R-2024-29,4,Newcastle United,29,15,5,9,52:38,14,50
GB1-2024,R-2024-29,5,Chelsea FC,29,14,7,8,53:37,16,49
GB1-2024,R-2024-29,6,Manchester City,29,14,6,9,55:40,15,48
GB1-2024,R-2024-29,7,Brighton & Hove Albion,29,12,11,6,48:42,6,47
GB1-2024,R-2024-29,8,Fulham FC,29,12,9,8,43:38,5,45
GB1-2024,R-2024-29,9,Aston Villa,29,12,9,8,41:45,-4,45
GB1-2024,R-2024-29,10,AFC Bournemouth,29,12,8,9,48:36,12,44
GB1-2024,R-2024-29,11,Brentford FC,29,12,5,12,50:45,5,41
GB1-2024,R-2024-29,12,Crystal Palace,29,10,9,10,36:38,-2,39
GB1-2024,R-2024-29,13,Manchester United,29,10,7,12,37:40,-3,37
GB1-2024,R-2024-29,14,Tottenham Hotspur,29,10,4,15,55:43,12,34
GB1-2024,R-2024-29,15,Everton FC,29,7,13,9,32:36,-4,34
GB1-2024,R-2024-29,16,West Ham United,29,9,7,13,33:49,-16,34
GB1-2024,R-2024-29,17,Wolverhampton Wanderers,29,7,5,17,40:58,-18,26
GB1-2024,R-2024-29,18,Ipswich Town,29,3,8,18,28:62,-34,17
GB1-2024,R-2024-29,19,Leicester City,29,4,5,20,25:65,-40,17
GB1-2024,R-2024-29,20,Southampton FC,29,2,3,24,21:70,-49,9
GB1-2024,R-2024-30,1,Liverpool FC,30,22,7,1,70:27,43,73
GB1-2024,R-2024-30,2,Arsenal FC,30,17,10,3,55:25,30,61
GB1-2024,R-2024-30,3,Nottingham Forest,30,17,6,7,50:35,15,57
GB1-2024,R-2024-30,4,Newcastle United,30,16,5,9,54:39,15,53
GB1-2024,R-2024-30,5,Chelsea FC,30,15,7,8,54:37,17,52
GB1-2024,R-2024-30,6,Manchester City,30,15,6,9,57:40,17,51
GB1-2024,R-2024-30,7,Aston Villa,30,13,9,8,44:45,-1,48
GB1-2024,R-2024-30,8,Brighton & Hove Albion,30,12,11,7,48:45,3,47
GB1-2024,R-2024-30,9,Fulham FC,30,12,9,9,44:40,4,45
GB1-2024,R-2024-30,10,AFC Bournemouth,30,12,8,10,49:38,11,44
GB1-2024,R-2024-30,11,Brentford FC,30,12,5,13,51:47,4,41
GB1-2024,R-2024-30,12,Crystal Palace,30,10,10,10,37:39,-2,40
GB1-2024,R-2024-30,13,Manchester United,30,10,7,13,37:41,-4,37
GB1-2024,R-2024-30,14,Tottenham Hotspur,30,10,4,16,55:44,11,34
GB1-2024,R-2024-30,15,Everton FC,30,7,13,10,32:37,-5,34
GB1-2024,R-2024-30,16,West Ham United,30,9,7,14,33:50,-17,34
GB1-2024,R-2024-30,17,Wolverhampton Wanderers,30,8,5,17,41:58,-17,29
GB1-2024,R-2024-30,18,Ipswich Town,30,4,8,18,30:63,-33,20
GB1-2024,R-2024-30,19,Leicester City,30,4,5,21,25:67,-42,17
GB1-2024,R-2024-30,20,Southampton FC,30,2,4,24,22:71,-49,10
GB1-2024,R-2024-31,1,Liverpool FC,31,22,7,2,72:30,42,73
GB1-2024,R-2024-31,2,Arsenal FC,31,17,11,3,56:26,30,62
GB1-2024,R-2024-31,3,Nottingham Forest,31,17,6,8,51:37,14,57
GB1-2024,R-2024-31,4,Newcastle United,31,17,5,9,57:39,18,56
GB1-2024,R-2024-31,5,Chelsea FC,31,15,8,8,54:37,17,53
GB1-2024,R-2024-31,6,Manchester City,31,15,7,9,57:40,17,52
GB1-2024,R-2024-31,7,Aston Villa,31,14,9,8,46:46,0,51
GB1-2024,R-2024-31,8,Fulham FC,31,13,9,9,47:42,5,48
GB1-2024,R-2024-31,9,Brighton & Hove Albion,31,12,11,8,49:47,2,47
GB1-2024,R-2024-31,10,AFC Bournemouth,31,12,9,10,51:40,11,45
GB1-2024,R-2024-31,11,Crystal Palace,31,11,10,10,39:40,-1,43
GB1-2024,R-2024-31,12,Brentford FC,31,12,6,13,51:47,4,42
GB1-2024,R-2024-31,13,Manchester United,31,10,8,13,37:41,-4,38
GB1-2024,R-2024-31,14,Tottenham Hotspur,31,11,4,16,58:45,13,37
GB1-2024,R-2024-31,15,Everton FC,31,7,14,10,33:38,-5,35
GB1-2024,R-2024-31,16,West Ham United,31,9,8,14,35:52,-17,35
GB1-2024,R-2024-31,17,Wolverhampton Wanderers,31,9,5,17,43:59,-16,32
GB1-2024,R-2024-31,18,Ipswich Town,31,4,8,19,31:65,-34,20
GB1-2024,R-2024-31,19,Leicester City,31,4,5,22,25:70,-45,17
GB1-2024,R-2024-31,20,Southampton FC,31,2,4,25,23:74,-51,10
GB1-2024,R-2024-32,1,Liverpool FC,32,23,7,2,74:31,43,76
GB1-2024,R-2024-32,2,Arsenal FC,32,17,12,3,57:27,30,63
GB1-2024,R-2024-32,3,Newcastle United,32,18,5,9,61:40,21,59
GB1-2024,R-2024-32,4,Nottingham Forest,32,17,6,9,51:38,13,57
GB1-2024,R-2024-32,5,Manchester City,32,16,7,9,62:42,20,55
GB1-2024,R-2024-32,6,Chelsea FC,32,15,9,8,56:39,17,54
GB1-2024,R-2024-32,7,Aston Villa,32,15,9,8,49:46,3,54
GB1-2024,R-2024-32,8,AFC Bournemouth,32,13,9,10,52:40,12,48
GB1-2024,R-2024-32,9,Fulham FC,32,13,9,10,47:43,4,48
GB1-2024,R-2024-32,10,Brighton & Hove Albion,32,12,12,8,51:49,2,48
GB1-2024,R-2024-32,11,Brentford FC,32,12,7,13,52:48,4,43
GB1-2024,R-2024-32,12,Crystal Palace,32,11,10,11,41:45,-4,43
GB1-2024,R-2024-32,13,Everton FC,32,8,14,10,34:38,-4,38
GB1-2024,R-2024-32,14,Manchester United,32,10,8,14,38:45,-7,38
GB1-2024,R-2024-32,15,Tottenham Hotspur,32,11,4,17,60:49,11,37
GB1-2024,R-2024-32,16,Wolverhampton Wanderers,32,10,5,17,47:61,-14,35
GB1-2024,R-2024-32,17,West Ham United,32,9,8,15,36:54,-18,35
GB1-2024,R-2024-32,18,Ipswich Town,32,4,9,19,33:67,-34,21
GB1-2024,R-2024-32,19,Leicester City,32,4,6,22,27:72,-45,18
GB1-2024,R-2024-32,20,Southampton FC,32,2,4,26,23:77,-54,10
GB1-2024,R-2024-33,1,Liverpool FC,33,24,7,2,75:31,44,79
GB1-2024,R-2024-33,2,Arsenal FC,33,18,12,3,61:27,34,66
GB1-2024,R-2024-33,3,Nottingham Forest,33,18,6,9,53:39,14,60
GB1-2024,R-2024-33,4,Newcastle United,33,18,5,10,62:44,18,59
GB1-2024,R-2024-33,5,Manchester City,33,17,7,9,64:42,22,58
GB1-2024,R-2024-33,6,Chelsea FC,33,16,9,8,58:40,18,57
GB1-2024,R-2024-33,7,Aston Villa,33,16,9,8,53:47,6,57
GB1-2024,R-2024-33,8,AFC Bournemouth,33,13,10,10,52:40,12,49
GB1-2024,R-2024-33,9,Fulham FC,33,13,9,11,48:45,3,48
GB1-2024,R-2024-33,10,Brighton & Hove Albion,33,12,12,9,53:53,0,48
GB1-2024,R-2024-33,11,Brentford FC,33,13,7,13,56:50,6,46
GB1-2024,R-2024-33,12,Crystal Palace,33,11,11,11,41:45,-4,44
GB1-2024,R-2024-33,13,Everton FC,33,8,14,11,34:40,-6,38
GB1-2024,R-2024-33,14,Manchester United,33,10,8,15,38:46,-8,38
GB1-2024,R-2024-33,15,Wolverhampton Wanderers,33,11,5,17,48:61,-13,38
GB1-2024,R-2024-33,16,Tottenham Hotspur,33,11,4,18,61:51,10,37
GB1-2024,R-2024-33,17,West Ham United,33,9,9,15,37:55,-18,36
GB1-2024,R-2024-33,18,Ipswich Town,33,4,9,20,33:71,-38,21
GB1-2024,R-2024-33,19,Leicester City,33,4,6,23,27:73,-46,18
GB1-2024,R-2024-33,20,Southampton FC,33,2,5,26,24:78,-54,11
GB1-2024,R-2024-34,1,Liverpool FC,34,25,7,2,80:32,48,82
GB1-2024,R-2024-34,2,Arsenal FC,34,18,13,3,63:29,34,67
GB1-2024,R-2024-34,3,Newcastle United,34,19,5,10,65:44,21,62
GB1-2024,R-2024-34,4,Manchester City,34,18,7,9,66:43,23,61
GB1-2024,R-2024-34,5,Chelsea FC,34,17,9,8,59:40,19,60
GB1-2024,R-2024-34,6,Nottingham Forest,34,18,6,10,53:41,12,60
GB1-2024,R-2024-34,7,Aston Villa,34,16,9,9,54:49,5,57
GB1-2024,R-2024-34,8,Fulham FC,34,14,9,11,50:46,4,51
GB1-2024,R-2024-34,9,Brighton & Hove Albion,34,13,12,9,56:55,1,51
GB1-2024,R-2024-34,10,AFC Bournemouth,34,13,11,10,53:41,12,50
GB1-2024,R-2024-34,11,Brentford FC,34,14,7,13,58:50,8,49
GB1-2024,R-2024-34,12,Crystal Palace,34,11,12,11,43:47,-4,45
GB1-2024,R-2024-34,13,Wolverhampton Wanderers,34,12,5,17,51:61,-10,41
GB1-2024,R-2024-34,14,Manchester United,34,10,9,15,39:47,-8,39
GB1-2024,R-2024-34,15,Everton FC,34,8,14,12,34:41,-7,38
GB1-2024,R-2024-34,16,Tottenham Hotspur,34,11,4,19,62:56,6,37
GB1-2024,R-2024-34,17,West Ham United,34,9,9,16,39:58,-19,36
GB1-2024,R-2024-34,18,Ipswich Town,34,4,9,21,33:74,-41,21
GB1-2024,R-2024-34,19,Leicester City,34,4,6,24,27:76,-49,18
GB1-2024,R-2024-34,20,Southampton FC,34,2,5,27,25:80,-55,11
GB1-2024,R-2024-35,1,Liverpool FC,35,25,7,3,81:35,46,82
GB1-2024,R-2024-35,2,Arsenal FC,35,18,13,4,64:31,33,67
GB1-2024,R-2024-35,3,Manchester City,35,19,7,9,67:43,24,64
GB1-2024,R-2024-35,4,Newcastle United,35,19,6,10,66:45,21,63
GB1-2024,R-2024-35,5,Chelsea FC,35,18,9,8,62:41,21,63
GB1-2024,R-2024-35,6,Nottingham Forest,35,18,7,10,54:42,12,61
GB1-2024,R-2024-35,7,Aston Villa,35,17,9,9,55:49,6,60
GB1-2024,R-2024-35,8,AFC Bournemouth,35,14,11,10,55:42,13,53
GB1-2024,R-2024-35,9,Brentford FC,35,15,7,13,62:53,9,52
GB1-2024,R-2024-35,10,Brighton & Hove Albion,35,13,13,9,57:56,1,52
GB1-2024,R-2024-35,11,Fulham FC,35,14,9,12,50:47,3,51
GB1-2024,R-2024-35,12,Crystal Palace,35,11,13,11,44:48,-4,46
GB1-2024,R-2024-35,13,Wolverhampton Wanderers,35,12,5,18,51:62,-11,41
GB1-2024,R-2024-35,14,Everton FC,35,8,15,12,36:43,-7,39
GB1-2024,R-2024-35,15,Manchester United,35,10,9,16,42:51,-9,39
GB1-2024,R-2024-35,16,Tottenham Hotspur,35,11,5,19,63:57,6,38
GB1-2024,R-2024-35,17,West Ham United,35,9,10,16,40:59,-19,37
GB1-2024,R-2024-35,18,Ipswich Town,35,4,10,21,35:76,-41,22
GB1-2024,R-2024-35,19,Leicester City,35,5,6,24,29:76,-47,21
GB1-2024,R-2024-35,20,Southampton FC,35,2,5,28,25:82,-57,11
GB1-2024,R-2024-36,1,Liverpool FC,36,25,8,3,83:37,46,83
GB1-2024,R-2024-36,2,Arsenal FC,36,18,14,4,66:33,33,68
GB1-2024,R-2024-36,3,Newcastle United,36,20,6,10,68:45,23,66
GB1-2024,R-2024-36,4,Manchester City,36,19,8,9,67:43,24,65
GB1-2024,R-2024-36,5,Chelsea FC,36,18,9,9,62:43,19,63
GB1-2024,R-2024-36,6,Aston Villa,36,18,9,9,56:49,7,63
GB1-2024,R-2024-36,7,Nottingham Forest,36,18,8,10,56:44,12,62
GB1-2024,R-2024-36,8,Brentford FC,36,16,7,13,63:53,10,55
GB1-2024,R-2024-36,9,Brighton & Hove Albion,36,14,13,9,59:56,3,55
GB1-2024,R-2024-36,10,AFC Bournemouth,36,14,11,11,55:43,12,53
GB1-2024,R-2024-36,11,Fulham FC,36,14,9,13,51:50,1,51
GB1-2024,R-2024-36,12,Crystal Palace,36,12,13,11,46:48,-2,49
GB1-2024,R-2024-36,13,Everton FC,36,9,15,12,39:44,-5,42
GB1-2024,R-2024-36,14,Wolverhampton Wanderers,36,12,5,19,51:64,-13,41
GB1-2024,R-2024-36,15,West Ham United,36,10,10,16,42:59,-17,40
GB1-2024,R-2024-36,16,Manchester United,36,10,9,17,42:53,-11,39
GB1-2024,R-2024-36,17,Tottenham Hotspur,36,11,5,20,63:59,4,38
GB1-2024,R-2024-36,18,Ipswich Town,36,4,10,22,35:77,-42,22
GB1-2024,R-2024-36,19,Leicester City,36,5,7,24,31:78,-47,22
GB1-2024,R-2024-36,20,Southampton FC,36,2,6,28,25:82,-57,12
GB1-2024,R-2024-37,1,Liverpool FC,37,25,8,4,85:40,45,83
GB1-2024,R-2024-37,2,Arsenal FC,37,19,14,4,67:33,34,71
GB1-2024,R-2024-37,3,Manchester City,37,20,8,9,70:44,26,68
GB1-2024,R-2024-37,4,Newcastle United,37,20,6,11,68:46,22,66
GB1-2024,R-2024-37,5,Chelsea FC,37,19,9,9,63:43,20,66
GB1-2024,R-2024-37,6,Aston Villa,37,19,9,9,58:49,9,66
GB1-2024,R-2024-37,7,Nottingham Forest,37,19,8,10,58:45,13,65
GB1-2024,R-2024-37,8,Brighton & Hove Albion,37,15,13,9,62:58,4,58
GB1-2024,R-2024-37,9,Brentford FC,37,16,7,14,65:56,9,55
GB1-2024,R-2024-37,10,Fulham FC,37,15,9,13,54:52,2,54
GB1-2024,R-2024-37,11,AFC Bournemouth,37,14,11,12,56:46,10,53
GB1-2024,R-2024-37,12,Crystal Palace,37,13,13,11,50:50,0,52
GB1-2024,R-2024-37,13,Everton FC,37,10,15,12,41:44,-3,45
GB1-2024,R-2024-37,14,Wolverhampton Wanderers,37,12,5,20,53:68,-15,41
GB1-2024,R-2024-37,15,West Ham United,37,10,10,17,43:61,-18,40
GB1-2024,R-2024-37,16,Manchester United,37,10,9,18,42:54,-12,39
GB1-2024,R-2024-37,17,Tottenham Hotspur,37,11,5,21,63:61,2,38
GB1-2024,R-2024-37,18,Leicester City,37,6,7,24,33:78,-45,25
GB1-2024,R-2024-37,19,Ipswich Town,37,4,10,23,35:79,-44,22
GB1-2024,R-2024-37,20,Southampton FC,37,2,6,29,25:84,-59,12
GB1-2024,R-2024-38,1,Liverpool FC,38,25,9,4,86:41,45,84
GB1-2024,R-2024-38,2,Arsenal FC,38,20,14,4,69:34,35,74
GB1-2024,R-2024-38,3,Manchester City,38,21,8,9,72:44,28,71
GB1-2024,R-2024-38,4,Chelsea FC,38,20,9,9,64:43,21,69
GB1-2024,R-2024-38,5,Newcastle United,38,20,6,12,68:47,21,66
GB1-2024,R-2024-38,6,Aston Villa,38,19,9,10,58:51,7,66
GB1-2024,R-2024-38,7,Nottingham Forest,38,19,8,11,58:46,12,65
GB1-2024,R-2024-38,8,Brighton & Hove Albion,38,16,13,9,66:59,7,61
GB1-2024,R-2024-38,9,AFC Bournemouth,38,15,11,12,58:46,12,56
GB1-2024,R-2024-38,10,Brentford FC,38,16,8,14,66:57,9,56
GB1-2024,R-2024-38,11,Fulham FC,38,15,9,14,54:54,0,54
GB1-2024,R-2024-38,12,Crystal Palace,38,13,14,11,51:51,0,53
GB1-2024,R-2024-38,13,Everton FC,38,11,15,12,42:44,-2,48
GB1-2024,R-2024-38,14,West Ham United,38,11,10,17,46:62,-16,43
GB1-2024,R-2024-38,15,Manchester United,38,11,9,18,44:54,-10,42
GB1-2024,R-2024-38,16,Wolverhampton Wanderers,38,12,6,20,54:69,-15,42
GB1-2024,R-2024-38,17,Tottenham Hotspur,38,11,5,22,64:65,-1,38
GB1-2024,R-2024-38,18,Leicester City,38,6,7,25,33:80,-47,25
GB1-2024,R-2024-38,19,Ipswich Town,38,4,10,24,36:82,-46,22
GB1-2024,R-2024-38,20,Southampton FC,38,2,6,30,26:86,-60,12
GB1-2025,R-2025-01,1,Manchester City,1,1,0,0,4:0,4,3
GB1-2025,R-2025-01,2,Sunderland AFC,1,1,0,0,3:0,3,3
GB1-2025,R-2025-01,3,Tottenham Hotspur,1,1,0,0,3:0,3,3
GB1-2025,R-2025-01,4,Liverpool FC,1,1,0,0,4:2,2,3
GB1-2025,R-2025-01,5,Nottingham Forest,1,1,0,0,3:1,2,3
GB1-2025,R-2025-01,6,Arsenal FC,1,1,0,0,1:0,1,3
GB1-2025,R-2025-01,7,Leeds United,1,1,0,0,1:0,1,3
GB1-2025,R-2025-01,8,Brighton & Hove Albion,1,0,1,0,1:1,0,1
GB1-2025,R-2025-01,9,Fulham FC,1,0,1,0,1:1,0,1
GB1-2025,R-2025-01,10,Aston Villa,1,0,1,0,0:0,0,1
GB1-2025,R-2025-01,11,Chelsea FC,1,0,1,0,0:0,0,1
GB1-2025,R-2025-01,12,Crystal Palace,1,0,1,0,0:0,0,1
GB1-2025,R-2025-01,13,Newcastle United,1,0,1,0,0:0,0,1
GB1-2025,R-2025-01,14,Everton FC,1,0,0,1,0:1,-1,0
GB1-2025,R-2025-01,15,Manchester United,1,0,0,1,0:1,-1,0
GB1-2025,R-2025-01,16,AFC Bournemouth,1,0,0,1,2:4,-2,0
GB1-2025,R-2025-01,17,Brentford FC,1,0,0,1,1:3,-2,0
GB1-2025,R-2025-01,18,Burnley FC,1,0,0,1,0:3,-3,0
GB1-2025,R-2025-01,19,West Ham United,1,0,0,1,0:3,-3,0
GB1-2025,R-2025-01,20,Wolverhampton Wanderers,1,0,0,1,0:4,-4,0
GB1-2025,R-2025-02,1,Arsenal FC,2,2,0,0,6:0,6,6
GB1-2025,R-2025-02,2,Tottenham Hotspur,2,2,0,0,5:0,5,6
GB1-2025,R-2025-02,3,Liverpool FC,2,2,0,0,7:4,3,6
GB1-2025,R-2025-02,4,Chelsea FC,2,1,1,0,5:1,4,4
GB1-2025,R-2025-02,5,Nottingham Forest,2,1,1,0,4:2,2,4
GB1-2025,R-2025-02,6,Manchester City,2,1,0,1,4:2,2,3
GB1-2025,R-2025-02,7,Sunderland AFC,2,1,0,1,3:2,1,3
GB1-2025,R-2025-02,8,Everton FC,2,1,0,1,2:1,1,3
GB1-2025,R-2025-02,9,AFC Bournemouth,2,1,0,1,3:4,-1,3
GB1-2025,R-2025-02,10,Brentford FC,2,1,0,1,2:3,-1,3
GB1-2025,R-2025-02,11,Burnley FC,2,1,0,1,2:3,-1,3
GB1-2025,R-2025-02,12,Leeds United,2,1,0,1,1:5,-4,3
GB1-2025,R-2025-02,13,Fulham FC,2,0,2,0,2:2,0,2
GB1-2025,R-2025-02,14,Crystal Palace,2,0,2,0,1:1,0,2
GB1-2025,R-2025-02,15,Newcastle United,2,0,1,1,2:3,-1,1
GB1-2025,R-2025-02,16,Manchester United,2,0,1,1,1:2,-1,1
GB1-2025,R-2025-02,17,Aston Villa,2,0,1,1,0:1,-1,1
GB1-2025,R-2025-02,18,Brighton & Hove Albion,2,0,1,1,1:3,-2,1
GB1-2025,R-2025-02,19,Wolverhampton Wanderers,2,0,0,2,0:5,-5,0
GB1-2025,R-2025-02,20,West Ham United,2,0,0,2,1:8,-7,0
GB1-2025,R-2025-03,1,Liverpool FC,3,3,0,0,8:4,4,9
GB1-2025,R-2025-03,2,Chelsea FC,3,2,1,0,7:1,6,7
GB1-2025,R-2025-03,3,Arsenal FC,3,2,0,1,6:1,5,6
GB1-2025,R-2025-03,4,Tottenham Hotspur,3,2,0,1,5:1,4,6
GB1-2025,R-2025-03,5,Everton FC,3,2,0,1,5:3,2,6
GB1-2025,R-2025-03,6,Sunderland AFC,3,2,0,1,5:3,2,6
GB1-2025,R-2025-03,7,AFC Bournemouth,3,2,0,1,4:4,0,6
GB1-2025,R-2025-03,8,Crystal Palace,3,1,2,0,4:1,3,5
GB1-2025,R-2025-03,9,Manchester United,3,1,1,1,4:4,0,4
GB1-2025,R-2025-03,10,Nottingham Forest,3,1,1,1,4:5,-1,4
GB1-2025,R-2025-03,11,Brighton & Hove Albion,3,1,1,1,3:4,-1,4
GB1-2025,R-2025-03,12,Leeds United,3,1,1,1,1:5,-4,4
GB1-2025,R-2025-03,13,Manchester City,3,1,0,2,5:4,1,3
GB1-2025,R-2025-03,14,Burnley FC,3,1,0,2,4:6,-2,3
GB1-2025,R-2025-03,15,Brentford FC,3,1,0,2,3:5,-2,3
GB1-2025,R-2025-03,16,West Ham United,3,1,0,2,4:8,-4,3
GB1-2025,R-2025-03,17,Newcastle United,3,0,2,1,2:3,-1,2
GB1-2025,R-2025-03,18,Fulham FC,3,0,2,1,2:4,-2,2
GB1-2025,R-2025-03,19,Aston Villa,3,0,1,2,0:4,-4,1
GB1-2025,R-2025-03,20,Wolverhampton Wanderers,3,0,0,3,2:8,-6,0
GB1-2025,R-2025-04,1,Liverpool FC,4,4,0,0,9:4,5,12
GB1-2025,R-2025-04,2,Arsenal FC,4,3,0,1,9:1,8,9
GB1-2025,R-2025-04,3,Tottenham Hotspur,4,3,0,1,8:1,7,9
GB1-2025,R-2025-04,4,AFC Bournemouth,4,3,0,1,6:5,1,9
GB1-2025,R-2025-04,5,Chelsea FC,4,2,2,0,9:3,6,8
GB1-2025,R-2025-04,6,Everton FC,4,2,1,1,5:3,2,7
GB1-2025,R-2025-04,7,Sunderland AFC,4,2,1,1,5:3,2,7
GB1-2025,R-2025-04,8,Manchester City,4,2,0,2,8:4,4,6
GB1-2025,R-2025-04,9,Crystal Palace,4,1,3,0,4:1,3,6
GB1-2025,R-2025-04,10,Newcastle United,4,1,2,1,3:3,0,5
GB1-2025,R-2025-04,11,Fulham FC,4,1,2,1,3:4,-1,5
GB1-2025,R-2025-04,12,Brentford FC,4,1,1,2,5:7,-2,4
GB1-2025,R-2025-04,13,Brighton & Hove Albion,4,1,1,2,4:6,-2,4
GB1-2025,R-2025-04,14,Manchester United,4,1,1,2,4:7,-3,4
GB1-2025,R-2025-04,15,Nottingham Forest,4,1,1,2,4:8,-4,4
GB1-2025,R-2025-04,16,Leeds United,4,1,1,2,1:6,-5,4
GB1-2025,R-2025-04,17,Burnley FC,4,1,0,3,4:7,-3,3
GB1-2025,R-2025-04,18,West Ham United,4,1,0,3,4:11,-7,3
GB1-2025,R-2025-04,19,Aston Villa,4,0,2,2,0:4,-4,2
GB1-2025,R-2025-04,20,Wolverhampton Wanderers,4,0,0,4,2:9,-7,0
GB1-2025,R-2025-05,1,Liverpool FC,5,5,0,0,11:5,6,15
GB1-2025,R-2025-05,2,Arsenal FC,5,3,1,1,10:2,8,10
GB1-2025,R-2025-05,3,Tottenham Hotspur,5,3,1,1,10:3,7,10
GB1-2025,R-2025-05,4,AFC Bournemouth,5,3,1,1,6:5,1,10
GB1-2025,R-2025-05,5,Crystal Palace,5,2,3,0,6:2,4,9
GB1-2025,R-2025-05,6,Chelsea FC,5,2,2,1,10:5,5,8
GB1-2025,R-2025-05,7,Sunderland AFC,5,2,2,1,6:4,2,8
GB1-2025,R-2025-05,8,Fulham FC,5,2,2,1,6:5,1,8
GB1-2025,R-2025-05,9,Manchester City,5,2,1,2,9:5,4,7
GB1-2025,R-2025-05,10,Everton FC,5,2,1,2,6:5,1,7
GB1-2025,R-2025-05,11,Manchester United,5,2,1,2,6:8,-2,7
GB1-2025,R-2025-05,12,Leeds United,5,2,1,2,4:7,-3,7
GB1-2025,R-2025-05,13,Newcastle United,5,1,3,1,3:3,0,6
GB1-2025,R-2025-05,14,Brighton & Hove Albion,5,1,2,2,6:8,-2,5
GB1-2025,R-2025-05,15,Nottingham Forest,5,1,2,2,5:9,-4,5
GB1-2025,R-2025-05,16,Burnley FC,5,1,1,3,5:8,-3,4
GB1-2025,R-2025-05,17,Brentford FC,5,1,1,3,6:10,-4,4
GB1-2025,R-2025-05,18,Aston Villa,5,0,3,2,1:5,-4,3
GB1-2025,R-2025-05,19,West Ham United,5,1,0,4,5:13,-8,3
GB1-2025,R-2025-05,20,Wolverhampton Wanderers,5,0,0,5,3:12,-9,0
GB1-2025,R-2025-06,1,Liverpool FC,6,5,0,1,12:7,5,15
GB1-2025,R-2025-06,2,Arsenal FC,6,4,1,1,12:3,9,13
GB1-2025,R-2025-06,3,Crystal Palace,6,3,3,0,8:3,5,12
GB1-2025,R-2025-06,4,Tottenham Hotspur,6,3,2,1,11:4,7,11
GB1-2025,R-2025-06,5,Sunderland AFC,6,3,2,1,7:4,3,11
GB1-2025,R-2025-06,6,AFC Bournemouth,6,3,2,1,8:7,1,11
GB1-2025,R-2025-06,7,Manchester City,6,3,1,2,14:6,8,10
GB1-2025,R-2025-06,8,Chelsea FC,6,2,2,2,11:8,3,8
GB1-2025,R-2025-06,9,Everton FC,6,2,2,2,7:6,1,8
GB1-2025,R-2025-06,10,Brighton & Hove Albion,6,2,2,2,9:9,0,8
GB1-2025,R-2025-06,11,Fulham FC,6,2,2,2,7:8,-1,8
GB1-2025,R-2025-06,12,Leeds United,6,2,2,2,6:9,-3,8
GB1-2025,R-2025-06,13,Brentford FC,6,2,1,3,9:11,-2,7
GB1-2025,R-2025-06,14,Manchester United,6,2,1,3,7:11,-4,7
GB1-2025,R-2025-06,15,Newcastle United,6,1,3,2,4:5,-1,6
GB1-2025,R-2025-06,16,Aston Villa,6,1,3,2,4:6,-2,6
GB1-2025,R-2025-06,17,Nottingham Forest,6,1,2,3,5:10,-5,5
GB1-2025,R-2025-06,18,Burnley FC,6,1,1,4,6:13,-7,4
GB1-2025,R-2025-06,19,West Ham United,6,1,1,4,6:14,-8,4
GB1-2025,R-2025-06,20,Wolverhampton Wanderers,6,0,1,5,4:13,-9,1
GB1-2025,R-2025-07,1,Arsenal FC,7,5,1,1,14:3,11,16
GB1-2025,R-2025-07,2,Liverpool FC,7,5,0,2,13:9,4,15
GB1-2025,R-2025-07,3,Tottenham Hotspur,7,4,2,1,13:5,8,14
GB1-2025,R-2025-07,4,AFC Bournemouth,7,4,2,1,11:8,3,14
GB1-2025,R-2025-07,5,Manchester City,7,4,1,2,15:6,9,13
GB1-2025,R-2025-07,6,Crystal Palace,7,3,3,1,9:5,4,12
GB1-2025,R-2025-07,7,Chelsea FC,7,3,2,2,13:9,4,11
GB1-2025,R-2025-07,8,Everton FC,7,3,2,2,9:7,2,11
GB1-2025,R-2025-07,9,Sunderland AFC,7,3,2,2,7:6,1,11
GB1-2025,R-2025-07,10,Manchester United,7,3,1,3,9:11,-2,10
GB1-2025,R-2025-07,11,Newcastle United,7,2,3,2,6:5,1,9
GB1-2025,R-2025-07,12,Brighton & Hove Albion,7,2,3,2,10:10,0,9
GB1-2025,R-2025-07,13,Aston Villa,7,2,3,2,6:7,-1,9
GB1-2025,R-2025-07,14,Fulham FC,7,2,2,3,8:11,-3,8
GB1-2025,R-2025-07,15,Leeds United,7,2,2,3,7:11,-4,8
GB1-2025,R-2025-07,16,Brentford FC,7,2,1,4,9:12,-3,7
GB1-2025,R-2025-07,17,Nottingham Forest,7,1,2,4,5:12,-7,5
GB1-2025,R-2025-07,18,Burnley FC,7,1,1,5,7:15,-8,4
GB1-2025,R-2025-07,19,West Ham United,7,1,1,5,6:16,-10,4
GB1-2025,R-2025-07,20,Wolverhampton Wanderers,7,0,2,5,5:14,-9,2
GB1-2025,R-2025-08,1,Arsenal FC,8,6,1,1,15:3,12,19
GB1-2025,R-2025-08,2,Manchester City,8,5,1,2,17:6,11,16
GB1-2025,R-2025-08,3,AFC Bournemouth,8,4,3,1,14:11,3,15
GB1-2025,R-2025-08,4,Liverpool FC,8,5,0,3,14:11,3,15
GB1-2025,R-2025-08,5,Chelsea FC,8,4,2,2,16:9,7,14
GB1-2025,R-2025-08,6,Tottenham Hotspur,8,4,2,2,14:7,7,14
GB1-2025,R-2025-08,7,Sunderland AFC,8,4,2,2,9:6,3,14
GB1-2025,R-2025-08,8,Crystal Palace,8,3,4,1,12:8,4,13
GB1-2025,R-2025-08,9,Manchester United,8,4,1,3,11:12,-1,13
GB1-2025,R-2025-08,10,Brighton & Hove Albion,8,3,3,2,12:11,1,12
GB1-2025,R-2025-08,11,Aston Villa,8,3,3,2,8:8,0,12
GB1-2025,R-2025-08,12,Everton FC,8,3,2,3,9:9,0,11
GB1-2025,R-2025-08,13,Brentford FC,8,3,1,4,11:12,-1,10
GB1-2025,R-2025-08,14,Newcastle United,8,2,3,3,7:7,0,9
GB1-2025,R-2025-08,15,Fulham FC,8,2,2,4,8:12,-4,8
GB1-2025,R-2025-08,16,Leeds United,8,2,2,4,7:13,-6,8
GB1-2025,R-2025-08,17,Burnley FC,8,2,1,5,9:15,-6,7
GB1-2025,R-2025-08,18,Nottingham Forest,8,1,2,5,5:15,-10,5
GB1-2025,R-2025-08,19,West Ham United,8,1,1,6,6:18,-12,4
GB1-2025,R-2025-08,20,Wolverhampton Wanderers,8,0,2,6,5:16,-11,2
GB1-2025,R-2025-09,1,Arsenal FC,9,7,1,1,16:3,13,22
GB1-2025,R-2025-09,2,AFC Bournemouth,9,5,3,1,16:11,5,18
GB1-2025,R-2025-09,3,Tottenham Hotspur,9,5,2,2,17:7,10,17
GB1-2025,R-2025-09,4,Sunderland AFC,9,5,2,2,11:7,4,17
GB1-2025,R-2025-09,5,Manchester City,9,5,1,3,17:7,10,16
GB1-2025,R-2025-09,6,Manchester United,9,5,1,3,15:14,1,16
GB1-2025,R-2025-09,7,Liverpool FC,9,5,0,4,16:14,2,15
GB1-2025,R-2025-09,8,Aston Villa,9,4,3,2,9:8,1,15
GB1-2025,R-2025-09,9,Chelsea FC,9,4,2,3,17:11,6,14
GB1-2025,R-2025-09,10,Crystal Palace,9,3,4,2,12:9,3,13
GB1-2025,R-2025-09,11,Brentford FC,9,4,1,4,14:14,0,13
GB1-2025,R-2025-09,12,Newcastle United,9,3,3,3,9:8,1,12
GB1-2025,R-2025-09,13,Brighton & Hove Albion,9,3,3,3,14:15,-1,12
GB1-2025,R-2025-09,14,Everton FC,9,3,2,4,9:12,-3,11
GB1-2025,R-2025-09,15,Leeds United,9,3,2,4,9:14,-5,11
GB1-2025,R-2025-09,16,Burnley FC,9,3,1,5,12:17,-5,10
GB1-2025,R-2025-09,17,Fulham FC,9,2,2,5,9:14,-5,8
GB1-2025,R-2025-09,18,Nottingham Forest,9,1,2,6,5:17,-12,5
GB1-2025,R-2025-09,19,West Ham United,9,1,1,7,7:20,-13,4
GB1-2025,R-2025-09,20,Wolverhampton Wanderers,9,0,2,7,7:19,-12,2
GB1-2025,R-2025-10,1,Arsenal FC,10,8,1,1,18:3,15,25
GB1-2025,R-2025-10,2,Manchester City,10,6,1,3,20:8,12,19
GB1-2025,R-2025-10,3,Liverpool FC,10,6,0,4,18:14,4,18
GB1-2025,R-2025-10,4,Sunderland AFC,10,5,3,2,12:8,4,18
GB1-2025,R-2025-10,5,AFC Bournemouth,10,5,3,2,17:14,3,18
GB1-2025,R-2025-10,6,Tottenham Hotspur,10,5,2,3,17:8,9,17
GB1-2025,R-2025-10,7,Chelsea FC,10,5,2,3,18:11,7,17
GB1-2025,R-2025-10,8,Manchester United,10,5,2,3,17:16,1,17
GB1-2025,R-2025-10,9,Crystal Palace,10,4,4,2,14:9,5,16
GB1-2025,R-2025-10,10,Brighton & Hove Albion,10,4,3,3,17:15,2,15
GB1-2025,R-2025-10,11,Aston Villa,10,4,3,3,9:10,-1,15
GB1-2025,R-2025-10,12,Brentford FC,10,4,1,5,14:16,-2,13
GB1-2025,R-2025-10,13,Newcastle United,10,3,3,4,10:11,-1,12
GB1-2025,R-2025-10,14,Everton FC,10,3,3,4,10:13,-3,12
GB1-2025,R-2025-10,15,Fulham FC,10,3,2,5,12:14,-2,11
GB1-2025,R-2025-10,16,Leeds United,10,3,2,5,9:17,-8,11
GB1-2025,R-2025-10,17,Burnley FC,10,3,1,6,12:19,-7,10
GB1-2025,R-2025-10,18,West Ham United,10,2,1,7,10:21,-11,7
GB1-2025,R-2025-10,19,Nottingham Forest,10,1,3,6,7:19,-12,6
GB1-2025,R-2025-10,20,Wolverhampton Wanderers,10,0,2,8,7:22,-15,2
GB1-2025,R-2025-11,1,Arsenal FC,11,8,2,1,20:5,15,26
GB1-2025,R-2025-11,2,Manchester City,11,7,1,3,23:8,15,22
GB1-2025,R-2025-11,3,Chelsea FC,11,6,2,3,21:11,10,20
GB1-2025,R-2025-11,4,Sunderland AFC,11,5,4,2,14:10,4,19
GB1-2025,R-2025-11,5,Tottenham Hotspur,11,5,3,3,19:10,9,18
GB1-2025,R-2025-11,6,Aston Villa,11,5,3,3,13:10,3,18
GB1-2025,R-2025-11,7,Manchester United,11,5,3,3,19:18,1,18
GB1-2025,R-2025-11,8,Liverpool FC,11,6,0,5,18:17,1,18
GB1-2025,R-2025-11,9,AFC Bournemouth,11,5,3,3,17:18,-1,18
GB1-2025,R-2025-11,10,Crystal Palace,11,4,5,2,14:9,5,17
GB1-2025,R-2025-11,11,Brighton & Hove Albion,11,4,4,3,17:15,2,16
GB1-2025,R-2025-11,12,Brentford FC,11,5,1,5,17:17,0,16
GB1-2025,R-2025-11,13,Everton FC,11,4,3,4,12:13,-1,15
GB1-2025,R-2025-11,14,Newcastle United,11,3,3,5,11:14,-3,12
GB1-2025,R-2025-11,15,Fulham FC,11,3,2,6,12:16,-4,11
GB1-2025,R-2025-11,16,Leeds United,11,3,2,6,10:20,-10,11
GB1-2025,R-2025-11,17,Burnley FC,11,3,1,7,14:22,-8,10
GB1-2025,R-2025-11,18,West Ham United,11,3,1,7,13:23,-10,10
GB1-2025,R-2025-11,19,Nottingham Forest,11,2,3,6,10:20,-10,9
GB1-2025,R-2025-11,20,Wolverhampton Wanderers,11,0,2,9,7:25,-18,2
GB1-2025,R-2025-12,1,Arsenal FC,12,9,2,1,24:6,18,29
GB1-2025,R-2025-12,2,Chelsea FC,12,7,2,3,23:11,12,23
GB1-2025,R-2025-12,3,Manchester City,12,7,1,4,24:10,14,22
GB1-2025,R-2025-12,4,Aston Villa,12,6,3,3,15:11,4,21
GB1-2025,R-2025-12,5,Crystal Palace,12,5,5,2,16:9,7,20
GB1-2025,R-2025-12,6,Brighton & Hove Albion,12,5,4,3,19:16,3,19
GB1-2025,R-2025-12,7,Sunderland AFC,12,5,4,3,14:11,3,19
GB1-2025,R-2025-12,8,AFC Bournemouth,12,5,4,3,19:20,-1,19
GB1-2025,R-2025-12,9,Tottenham Hotspur,12,5,3,4,20:14,6,18
GB1-2025,R-2025-12,10,Manchester United,12,5,3,4,19:19,0,18
GB1-2025,R-2025-12,11,Everton FC,12,5,3,4,13:13,0,18
GB1-2025,R-2025-12,12,Liverpool FC,12,6,0,6,18:20,-2,18
GB1-2025,R-2025-12,13,Brentford FC,12,5,1,6,18:19,-1,16
GB1-2025,R-2025-12,14,Newcastle United,12,4,3,5,13:15,-2,15
GB1-2025,R-2025-12,15,Fulham FC,12,4,2,6,13:16,-3,14
GB1-2025,R-2025-12,16,Nottingham Forest,12,3,3,6,13:20,-7,12
GB1-2025,R-2025-12,17,West Ham United,12,3,2,7,15:25,-10,11
GB1-2025,R-2025-12,18,Leeds United,12,3,2,7,11:22,-11,11
GB1-2025,R-2025-12,19,Burnley FC,12,3,1,8,14:24,-10,10
GB1-2025,R-2025-12,20,Wolverhampton Wanderers,12,0,2,10,7:27,-20,2
GB1-2025,R-2025-13,1,Arsenal FC,13,9,3,1,25:7,18,30
GB1-2025,R-2025-13,2,Manchester City,13,8,1,4,27:12,15,25
GB1-2025,R-2025-13,3,Chelsea FC,13,7,3,3,24:12,12,24
GB1-2025,R-2025-13,4,Aston Villa,13,7,3,3,16:11,5,24
GB1-2025,R-2025-13,5,Brighton & Hove Albion,13,6,4,3,21:16,5,22
GB1-2025,R-2025-13,6,Sunderland AFC,13,6,4,3,17:13,4,22
GB1-2025,R-2025-13,7,Manchester United,13,6,3,4,21:20,1,21
GB1-2025,R-2025-13,8,Liverpool FC,13,7,0,6,20:20,0,21
GB1-2025,R-2025-13,9,Crystal Palace,13,5,5,3,17:11,6,20
GB1-2025,R-2025-13,10,Brentford FC,13,6,1,6,21:20,1,19
GB1-2025,R-2025-13,11,AFC Bournemouth,13,5,4,4,21:23,-2,19
GB1-2025,R-2025-13,12,Tottenham Hotspur,13,5,3,5,21:16,5,18
GB1-2025,R-2025-13,13,Newcastle United,13,5,3,5,17:16,1,18
GB1-2025,R-2025-13,14,Everton FC,13,5,3,5,14:17,-3,18
GB1-2025,R-2025-13,15,Fulham FC,13,5,2,6,15:17,-2,17
GB1-2025,R-2025-13,16,Nottingham Forest,13,3,3,7,13:22,-9,12
GB1-2025,R-2025-13,17,West Ham United,13,3,2,8,15:27,-12,11
GB1-2025,R-2025-13,18,Leeds United,13,3,2,8,13:25,-12,11
GB1-2025,R-2025-13,19,Burnley FC,13,3,1,9,15:27,-12,10
GB1-2025,R-2025-13,20,Wolverhampton Wanderers,13,0,2,11,7:28,-21,2
GB1-2025,R-2025-14,1,Arsenal FC,14,10,3,1,27:7,20,33
GB1-2025,R-2025-14,2,Manchester City,14,9,1,4,32:16,16,28
GB1-2025,R-2025-14,3,Aston Villa,14,8,3,3,20:14,6,27
GB1-2025,R-2025-14,4,Chelsea FC,14,7,3,4,25:15,10,24
GB1-2025,R-2025-14,5,Crystal Palace,14,6,5,3,18:11,7,23
GB1-2025,R-2025-14,6,Sunderland AFC,14,6,5,3,18:14,4,23
GB1-2025,R-2025-14,7,Brighton & Hove Albion,14,6,4,4,24:20,4,22
GB1-2025,R-2025-14,8,Manchester United,14,6,4,4,22:21,1,22
GB1-2025,R-2025-14,9,Liverpool FC,14,7,1,6,21:21,0,22
GB1-2025,R-2025-14,10,Everton FC,14,6,3,5,15:17,-2,21
GB1-2025,R-2025-14,11,Tottenham Hotspur,14,5,4,5,23:18,5,19
GB1-2025,R-2025-14,12,Newcastle United,14,5,4,5,19:18,1,19
GB1-2025,R-2025-14,13,Brentford FC,14,6,1,7,21:22,-1,19
GB1-2025,R-2025-14,14,AFC Bournemouth,14,5,4,5,21:24,-3,19
GB1-2025,R-2025-14,15,Fulham FC,14,5,2,7,19:22,-3,17
GB1-2025,R-2025-14,16,Nottingham Forest,14,4,3,7,14:22,-8,15
GB1-2025,R-2025-14,17,Leeds United,14,4,2,8,16:26,-10,14
GB1-2025,R-2025-14,18,West Ham United,14,3,3,8,16:28,-12,12
GB1-2025,R-2025-14,19,Burnley FC,14,3,1,10,15:28,-13,10
GB1-2025,R-2025-14,20,Wolverhampton Wanderers,14,0,2,12,7:29,-22,2
GB1-2025,R-2025-15,1,Arsenal FC,15,10,3,2,28:9,19,33
GB1-2025,R-2025-15,2,Manchester City,15,10,1,4,35:16,19,31
GB1-2025,R-2025-15,3,Aston Villa,15,9,3,3,22:15,7,30
GB1-2025,R-2025-15,4,Crystal Palace,15,7,5,3,20:12,8,26
GB1-2025,R-2025-15,5,Chelsea FC,15,7,4,4,25:15,10,25
GB1-2025,R-2025-15,6,Manchester United,15,7,4,4,26:22,4,25
GB1-2025,R-2025-15,7,Everton FC,15,7,3,5,18:17,1,24
GB1-2025,R-2025-15,8,Brighton & Hove Albion,15,6,5,4,25:21,4,23
GB1-2025,R-2025-15,9,Sunderland AFC,15,6,5,4,18:17,1,23
GB1-2025,R-2025-15,10,Liverpool FC,15,7,2,6,24:24,0,23
GB1-2025,R-2025-15,11,Tottenham Hotspur,15,6,4,5,25:18,7,22
GB1-2025,R-2025-15,12,Newcastle United,15,6,4,5,21:19,2,22
GB1-2025,R-2025-15,13,AFC Bournemouth,15,5,5,5,21:24,-3,20
GB1-2025,R-2025-15,14,Brentford FC,15,6,1,8,21:24,-3,19
GB1-2025,R-2025-15,15,Fulham FC,15,5,2,8,20:24,-4,17
GB1-2025,R-2025-15,16,Leeds United,15,4,3,8,19:29,-10,15
GB1-2025,R-2025-15,17,Nottingham Forest,15,4,3,8,14:25,-11,15
GB1-2025,R-2025-15,18,West Ham United,15,3,4,8,17:29,-12,13
GB1-2025,R-2025-15,19,Burnley FC,15,3,1,11,16:30,-14,10
GB1-2025,R-2025-15,20,Wolverhampton Wanderers,15,0,2,13,8:33,-25,2
GB1-2025,R-2025-16,1,Arsenal FC,16,11,3,2,30:10,20,36
GB1-2025,R-2025-16,2,Manchester City,16,11,1,4,38:16,22,34
GB1-2025,R-2025-16,3,Aston Villa,16,10,3,3,25:17,8,33
GB1-2025,R-2025-16,4,Chelsea FC,16,8,4,4,27:15,12,28
GB1-2025,R-2025-16,5,Crystal Palace,16,7,5,4,20:15,5,26
GB1-2025,R-2025-16,6,Manchester United,16,7,5,4,30:26,4,26
GB1-2025,R-2025-16,7,Liverpool FC,16,8,2,6,26:24,2,26
GB1-2025,R-2025-16,8,Sunderland AFC,16,7,5,4,19:17,2,26
GB1-2025,R-2025-16,9,Everton FC,16,7,3,6,18:19,-1,24
GB1-2025,R-2025-16,10,Brighton & Hove Albion,16,6,5,5,25:23,2,23
GB1-2025,R-2025-16,11,Tottenham Hotspur,16,6,4,6,25:21,4,22
GB1-2025,R-2025-16,12,Newcastle United,16,6,4,6,21:20,1,22
GB1-2025,R-2025-16,13,AFC Bournemouth,16,5,6,5,25:28,-3,21
GB1-2025,R-2025-16,14,Fulham FC,16,6,2,8,23:26,-3,20
GB1-2025,R-2025-16,15,Brentford FC,16,6,2,8,22:25,-3,20
GB1-2025,R-2025-16,16,Nottingham Forest,16,5,3,8,17:25,-8,18
GB1-2025,R-2025-16,17,Leeds United,16,4,4,8,20:30,-10,16
GB1-2025,R-2025-16,18,West Ham United,16,3,4,9,19:32,-13,13
GB1-2025,R-2025-16,19,Burnley FC,16,3,1,12,18:33,-15,10
GB1-2025,R-2025-16,20,Wolverhampton Wanderers,16,0,2,14,9:35,-26,2
GB1-2025,R-2025-17,1,Arsenal FC,17,12,3,2,31:10,21,39
GB1-2025,R-2025-17,2,Manchester City,17,12,1,4,41:16,25,37
GB1-2025,R-2025-17,3,Aston Villa,17,11,3,3,27:18,9,36
GB1-2025,R-2025-17,4,Chelsea FC,17,8,5,4,29:17,12,29
GB1-2025,R-2025-17,5,Liverpool FC,17,9,2,6,28:25,3,29
GB1-2025,R-2025-17,6,Sunderland AFC,17,7,6,4,19:17,2,27
GB1-2025,R-2025-17,7,Manchester United,17,7,5,5,31:28,3,26
GB1-2025,R-2025-17,8,Crystal Palace,17,7,5,5,21:19,2,26
GB1-2025,R-2025-17,9,Brighton & Hove Albion,17,6,6,5,25:23,2,24
GB1-2025,R-2025-17,10,Everton FC,17,7,3,7,18:20,-2,24
GB1-2025,R-2025-17,11,Newcastle United,17,6,5,6,23:22,1,23
GB1-2025,R-2025-17,12,Brentford FC,17,7,2,8,24:25,-1,23
GB1-2025,R-2025-17,13,Fulham FC,17,7,2,8,24:26,-2,23
GB1-2025,R-2025-17,14,Tottenham Hotspur,17,6,4,7,26:23,3,22
GB1-2025,R-2025-17,15,AFC Bournemouth,17,5,7,5,26:29,-3,22
GB1-2025,R-2025-17,16,Leeds United,17,5,4,8,24:31,-7,19
GB1-2025,R-2025-17,17,Nottingham Forest,17,5,3,9,17:26,-9,18
GB1-2025,R-2025-17,18,West Ham United,17,3,4,10,19:35,-16,13
GB1-2025,R-2025-17,19,Burnley FC,17,3,2,12,19:34,-15,11
GB1-2025,R-2025-17,20,Wolverhampton Wanderers,17,0,2,15,9:37,-28,2
GB1-2025,R-2025-18,1,Arsenal FC,18,13,3,2,33:11,22,42
GB1-2025,R-2025-18,2,Manchester City,18,13,1,4,43:17,26,40
GB1-2025,R-2025-18,3,Aston Villa,18,12,3,3,29:19,10,39
GB1-2025,R-2025-18,4,Liverpool FC,18,10,2,6,30:26,4,32
GB1-2025,R-2025-18,5,Chelsea FC,18,8,5,5,30:19,11,29
GB1-2025,R-2025-18,6,Manchester United,18,8,5,5,32:28,4,29
GB1-2025,R-2025-18,7,Sunderland AFC,18,7,7,4,20:18,2,28
GB1-2025,R-2025-18,8,Brentford FC,18,8,2,8,28:26,2,26
GB1-2025,R-2025-18,9,Crystal Palace,18,7,5,6,21:20,1,26
GB1-2025,R-2025-18,10,Fulham FC,18,8,2,8,25:26,-1,26
GB1-2025,R-2025-18,11,Tottenham Hotspur,18,7,4,7,27:23,4,25
GB1-2025,R-2025-18,12,Everton FC,18,7,4,7,18:20,-2,25
GB1-2025,R-2025-18,13,Brighton & Hove Albion,18,6,6,6,26:25,1,24
GB1-2025,R-2025-18,14,Newcastle United,18,6,5,7,23:23,0,23
GB1-2025,R-2025-18,15,AFC Bournemouth,18,5,7,6,27:33,-6,22
GB1-2025,R-2025-18,16,Leeds United,18,5,5,8,25:32,-7,20
GB1-2025,R-2025-18,17,Nottingham Forest,18,5,3,10,18:28,-10,18
GB1-2025,R-2025-18,18,West Ham United,18,3,4,11,19:36,-17,13
GB1-2025,R-2025-18,19,Burnley FC,18,3,3,12,19:34,-15,12
GB1-2025,R-2025-18,20,Wolverhampton Wanderers,18,0,2,16,10:39,-29,2
GB1-2025,R-2025-19,1,Arsenal FC,19,14,3,2,37:12,25,45
GB1-2025,R-2025-19,2,Manchester City,19,13,2,4,43:17,26,41
GB1-2025,R-2025-19,3,Aston Villa,19,12,3,4,30:23,7,39
GB1-2025,R-2025-19,4,Liverpool FC,19,10,3,6,30:26,4,33
GB1-2025,R-2025-19,5,Chelsea FC,19,8,6,5,32:21,11,30
GB1-2025,R-2025-19,6,Manchester United,19,8,6,5,33:29,4,30
GB1-2025,R-2025-19,7,Sunderland AFC,19,7,8,4,20:18,2,29
GB1-2025,R-2025-19,8,Everton FC,19,8,4,7,20:20,0,28
GB1-2025,R-2025-19,9,Brentford FC,19,8,3,8,28:26,2,27
GB1-2025,R-2025-19,10,Crystal Palace,19,7,6,6,22:21,1,27
GB1-2025,R-2025-19,11,Fulham FC,19,8,3,8,26:27,-1,27
GB1-2025,R-2025-19,12,Tottenham Hotspur,19,7,5,7,27:23,4,26
GB1-2025,R-2025-19,13,Newcastle United,19,7,5,7,26:24,2,26
GB1-2025,R-2025-19,14,Brighton & Hove Albion,19,6,7,6,28:27,1,25
GB1-2025,R-2025-19,15,AFC Bournemouth,19,5,8,6,29:35,-6,23
GB1-2025,R-2025-19,16,Leeds United,19,5,6,8,25:32,-7,21
GB1-2025,R-2025-19,17,Nottingham Forest,19,5,3,11,18:30,-12,18
GB1-2025,R-2025-19,18,West Ham United,19,3,5,11,21:38,-17,14
GB1-2025,R-2025-19,19,Burnley FC,19,3,3,13,20:37,-17,12
GB1-2025,R-2025-19,20,Wolverhampton Wanderers,19,0,3,16,11:40,-29,3
GB1-2025,R-2025-20,1,Arsenal FC,20,15,3,2,40:14,26,48
GB1-2025,R-2025-20,2,Manchester City,20,13,3,4,44:18,26,42
GB1-2025,R-2025-20,3,Aston Villa,20,13,3,4,33:24,9,42
GB1-2025,R-2025-20,4,Liverpool FC,20,10,4,6,32:28,4,34
GB1-2025,R-2025-20,5,Chelsea FC,20,8,7,5,33:22,11,31
GB1-2025,R-2025-20,6,Manchester United,20,8,7,5,34:30,4,31
GB1-2025,R-2025-20,7,Brentford FC,20,9,3,8,32:28,4,30
GB1-2025,R-2025-20,8,Sunderland AFC,20,7,9,4,21:19,2,30
GB1-2025,R-2025-20,9,Newcastle United,20,8,5,7,28:24,4,29
GB1-2025,R-2025-20,10,Brighton & Hove Albion,20,7,7,6,30:27,3,28
GB1-2025,R-2025-20,11,Fulham FC,20,8,4,8,28:29,-1,28
GB1-2025,R-2025-20,12,Everton FC,20,8,4,8,22:24,-2,28
GB1-2025,R-2025-20,13,Tottenham Hotspur,20,7,6,7,28:24,4,27
GB1-2025,R-2025-20,14,Crystal Palace,20,7,6,7,22:23,-1,27
GB1-2025,R-2025-20,15,AFC Bournemouth,20,5,8,7,31:38,-7,23
GB1-2025,R-2025-20,16,Leeds United,20,5,7,8,26:33,-7,22
GB1-2025,R-2025-20,17,Nottingham Forest,20,5,3,12,19:33,-14,18
GB1-2025,R-2025-20,18,West Ham United,20,3,5,12,21:41,-20,14
GB1-2025,R-2025-20,19,Burnley FC,20,3,3,14,20:39,-19,12
GB1-2025,R-2025-20,20,Wolverhampton Wanderers,20,1,3,16,14:40,-26,6
GB1-2025,R-2025-21,1,Arsenal FC,21,15,4,2,40:14,26,49
GB1-2025,R-2025-21,2,Manchester City,21,13,4,4,45:19,26,43
GB1-2025,R-2025-21,3,Aston Villa,21,13,4,4,33:24,9,43
GB1-2025,R-2025-21,4,Liverpool FC,21,10,5,6,32:28,4,35
GB1-2025,R-2025-21,5,Brentford FC,21,10,3,8,35:28,7,33
GB1-2025,R-2025-21,6,Newcastle United,21,9,5,7,32:27,5,32
GB1-2025,R-2025-21,7,Manchester United,21,8,8,5,36:32,4,32
GB1-2025,R-2025-21,8,Chelsea FC,21,8,7,6,34:24,10,31
GB1-2025,R-2025-21,9,Fulham FC,21,9,4,8,30:30,0,31
GB1-2025,R-2025-21,10,Sunderland AFC,21,7,9,5,21:22,-1,30
GB1-2025,R-2025-21,11,Brighton & Hove Albion,21,7,8,6,31:28,3,29
GB1-2025,R-2025-21,12,Everton FC,21,8,5,8,23:25,-2,29
GB1-2025,R-2025-21,13,Crystal Palace,21,7,7,7,22:23,-1,28
GB1-2025,R-2025-21,14,Tottenham Hotspur,21,7,6,8,30:27,3,27
GB1-2025,R-2025-21,15,AFC Bournemouth,21,6,8,7,34:40,-6,26
GB1-2025,R-2025-21,16,Leeds United,21,5,7,9,29:37,-8,22
GB1-2025,R-2025-21,17,Nottingham Forest,21,6,3,12,21:34,-13,21
GB1-2025,R-2025-21,18,West Ham United,21,3,5,13,22:43,-21,14
GB1-2025,R-2025-21,19,Burnley FC,21,3,4,14,22:41,-19,13
GB1-2025,R-2025-21,20,Wolverhampton Wanderers,21,1,4,16,15:41,-26,7
GB1-2025,R-2025-22,1,Arsenal FC,22,15,5,2,40:14,26,50
GB1-2025,R-2025-22,2,Manchester City,22,13,4,5,45:21,24,43
GB1-2025,R-2025-22,3,Aston Villa,22,13,4,5,33:25,8,43
GB1-2025,R-2025-22,4,Liverpool FC,22,10,6,6,33:29,4,36
GB1-2025,R-2025-22,5,Manchester United,22,9,8,5,38:32,6,35
GB1-2025,R-2025-22,6,Chelsea FC,22,9,7,6,36:24,12,34
GB1-2025,R-2025-22,7,Brentford FC,22,10,3,9,35:30,5,33
GB1-2025,R-2025-22,8,Newcastle United,22,9,6,7,32:27,5,33
GB1-2025,R-2025-22,9,Sunderland AFC,22,8,9,5,23:23,0,33
GB1-2025,R-2025-22,10,Everton FC,22,9,5,8,24:25,-1,32
GB1-2025,R-2025-22,11,Fulham FC,22,9,4,9,30:31,-1,31
GB1-2025,R-2025-22,12,Brighton & Hove Albion,22,7,9,6,32:29,3,30
GB1-2025,R-2025-22,13,Crystal Palace,22,7,7,8,23:25,-2,28
GB1-2025,R-2025-22,14,Tottenham Hotspur,22,7,6,9,31:29,2,27
GB1-2025,R-2025-22,15,AFC Bournemouth,22,6,9,7,35:41,-6,27
GB1-2025,R-2025-22,16,Leeds United,22,6,7,9,30:37,-7,25
GB1-2025,R-2025-22,17,Nottingham Forest,22,6,4,12,21:34,-13,22
GB1-2025,R-2025-22,18,West Ham United,22,4,5,13,24:44,-20,17
GB1-2025,R-2025-22,19,Burnley FC,22,3,5,14,23:42,-19,14
GB1-2025,R-2025-22,20,Wolverhampton Wanderers,22,1,5,16,15:41,-26,8
GB1-2025,R-2025-23,1,Arsenal FC,23,15,5,3,42:17,25,50
GB1-2025,R-2025-23,2,Manchester City,23,14,4,5,47:21,26,46
GB1-2025,R-2025-23,3,Aston Villa,23,14,4,5,35:25,10,46
GB1-2025,R-2025-23,4,Manchester United,23,10,8,5,41:34,7,38
GB1-2025,R-2025-23,5,Chelsea FC,23,10,7,6,39:25,14,37
GB1-2025,R-2025-23,6,Liverpool FC,23,10,6,7,35:32,3,36
GB1-2025,R-2025-23,7,Fulham FC,23,10,4,9,32:32,0,34
GB1-2025,R-2025-23,8,Brentford FC,23,10,3,10,35:32,3,33
GB1-2025,R-2025-23,9,Newcastle United,23,9,6,8,32:29,3,33
GB1-2025,R-2025-23,10,Everton FC,23,9,6,8,25:26,-1,33
GB1-2025,R-2025-23,11,Sunderland AFC,23,8,9,6,24:26,-2,33
GB1-2025,R-2025-23,12,Brighton & Hove Albion,23,7,9,7,33:31,2,30
GB1-2025,R-2025-23,13,AFC Bournemouth,23,7,9,7,38:43,-5,30
GB1-2025,R-2025-23,14,Tottenham Hotspur,23,7,7,9,33:31,2,28
GB1-2025,R-2025-23,15,Crystal Palace,23,7,7,9,24:28,-4,28
GB1-2025,R-2025-23,16,Leeds United,23,6,8,9,31:38,-7,26
GB1-2025,R-2025-23,17,Nottingham Forest,23,7,4,12,23:34,-11,25
GB1-2025,R-2025-23,18,West Ham United,23,5,5,13,27:45,-18,20
GB1-2025,R-2025-23,19,Burnley FC,23,3,6,14,25:44,-19,15
GB1-2025,R-2025-23,20,Wolverhampton Wanderers,23,1,5,17,15:43,-28,8
GB1-2025,R-2025-24,1,Arsenal FC,24,16,5,3,46:17,29,53
GB1-2025,R-2025-24,2,Manchester City,24,14,5,5,49:23,26,47
GB1-2025,R-2025-24,3,Aston Villa,24,14,4,6,35:26,9,46
GB1-2025,R-2025-24,4,Manchester United,24,11,8,5,44:36,8,41
GB1-2025,R-2025-24,5,Chelsea FC,24,11,7,6,42:27,15,40
GB1-2025,R-2025-24,6,Liverpool FC,24,11,6,7,39:33,6,39
GB1-2025,R-2025-24,7,Brentford FC,24,11,3,10,36:32,4,36
GB1-2025,R-2025-24,8,Sunderland AFC,24,9,9,6,27:26,1,36
GB1-2025,R-2025-24,9,Fulham FC,24,10,4,10,34:35,-1,34
GB1-2025,R-2025-24,10,Everton FC,24,9,7,8,26:27,-1,34
GB1-2025,R-2025-24,11,Newcastle United,24,9,6,9,33:33,0,33
GB1-2025,R-2025-24,12,AFC Bournemouth,24,8,9,7,40:43,-3,33
GB1-2025,R-2025-24,13,Brighton & Hove Albion,24,7,10,7,34:32,2,31
GB1-2025,R-2025-24,14,Tottenham Hotspur,24,7,8,9,35:33,2,29
GB1-2025,R-2025-24,15,Crystal Palace,24,7,8,9,25:29,-4,29
GB1-2025,R-2025-24,16,Leeds United,24,6,8,10,31:42,-11,26
GB1-2025,R-2025-24,17,Nottingham Forest,24,7,5,12,24:35,-11,26
GB1-2025,R-2025-24,18,West Ham United,24,5,5,14,29:48,-19,20
GB1-2025,R-2025-24,19,Burnley FC,24,3,6,15,25:47,-22,15
GB1-2025,R-2025-24,20,Wolverhampton Wanderers,24,1,5,18,15:45,-30,8
GB1-2025,R-2025-25,1,Arsenal FC,25,17,5,3,49:17,32,56
GB1-2025,R-2025-25,2,Manchester City,25,15,5,5,51:24,27,50
GB1-2025,R-2025-25,3,Aston Villa,25,14,5,6,36:27,9,47
GB1-2025,R-2025-25,4,Manchester United,25,12,8,5,46:36,10,44
GB1-2025,R-2025-25,5,Chelsea FC,25,12,7,6,45:28,17,43
GB1-2025,R-2025-25,6,Liverpool FC,25,11,6,8,40:35,5,39
GB1-2025,R-2025-25,7,Brentford FC,25,12,3,10,39:34,5,39
GB1-2025,R-2025-25,8,Everton FC,25,10,7,8,28:28,0,37
GB1-2025,R-2025-25,9,Sunderland AFC,25,9,9,7,27:29,-2,36
GB1-2025,R-2025-25,10,Fulham FC,25,10,4,11,35:37,-2,34
GB1-2025,R-2025-25,11,AFC Bournemouth,25,8,10,7,41:44,-3,34
GB1-2025,R-2025-25,12,Newcastle United,25,9,6,10,35:36,-1,33
GB1-2025,R-2025-25,13,Crystal Palace,25,8,8,9,26:29,-3,32
GB1-2025,R-2025-25,14,Brighton & Hove Albion,25,7,10,8,34:33,1,31
GB1-2025,R-2025-25,15,Tottenham Hotspur,25,7,8,10,35:35,0,29
GB1-2025,R-2025-25,16,Leeds United,25,7,8,10,34:43,-9,29
GB1-2025,R-2025-25,17,Nottingham Forest,25,7,5,13,25:38,-13,26
GB1-2025,R-2025-25,18,West Ham United,25,6,5,14,31:48,-17,23
GB1-2025,R-2025-25,19,Burnley FC,25,3,6,16,25:49,-24,15
GB1-2025,R-2025-25,20,Wolverhampton Wanderers,25,1,5,19,16:48,-32,8
GB1-2025,R-2025-26,1,Arsenal FC,26,17,6,3,50:18,32,57
GB1-2025,R-2025-26,2,Manchester City,26,16,5,5,54:24,30,53
GB1-2025,R-2025-26,3,Aston Villa,26,15,5,6,37:27,10,50
GB1-2025,R-2025-26,4,Manchester United,26,12,9,5,47:37,10,45
GB1-2025,R-2025-26,5,Chelsea FC,26,12,8,6,47:30,17,44
GB1-2025,R-2025-26,6,Liverpool FC,26,12,6,8,41:35,6,42
GB1-2025,R-2025-26,7,Brentford FC,26,12,4,10,40:35,5,40
GB1-2025,R-2025-26,8,Everton FC,26,10,7,9,29:30,-1,37
GB1-2025,R-2025-26,9,AFC Bournemouth,26,9,10,7,43:45,-2,37
GB1-2025,R-2025-26,10,Newcastle United,26,10,6,10,37:37,0,36
GB1-2025,R-2025-26,11,Sunderland AFC,26,9,9,8,27:30,-3,36
GB1-2025,R-2025-26,12,Fulham FC,26,10,4,12,35:40,-5,34
GB1-2025,R-2025-26,13,Crystal Palace,26,8,8,10,28:32,-4,32
GB1-2025,R-2025-26,14,Brighton & Hove Albion,26,7,10,9,34:34,0,31
GB1-2025,R-2025-26,15,Leeds United,26,7,9,10,36:45,-9,30
GB1-2025,R-2025-26,16,Tottenham Hotspur,26,7,8,11,36:37,-1,29
GB1-2025,R-2025-26,17,Nottingham Forest,26,7,6,13,25:38,-13,27
GB1-2025,R-2025-26,18,West Ham United,26,6,6,14,32:49,-17,24
GB1-2025,R-2025-26,19,Burnley FC,26,4,6,16,28:51,-23,18
GB1-2025,R-2025-26,20,Wolverhampton Wanderers,26,1,6,19,16:48,-32,9
GB1-2025,R-2025-27,1,Arsenal FC,27,18,6,3,54:19,35,60
GB1-2025,R-2025-27,2,Manchester City,27,17,5,5,56:25,31,56
GB1-2025,R-2025-27,3,Aston Villa,27,15,6,6,38:28,10,51
GB1-2025,R-2025-27,4,Manchester United,27,13,9,5,48:37,11,48
GB1-2025,R-2025-27,5,Chelsea FC,27,12,9,6,48:31,17,45
GB1-2025,R-2025-27,6,Liverpool FC,27,13,6,8,42:35,7,45
GB1-2025,R-2025-27,7,Brentford FC,27,12,4,11,40:37,3,40
GB1-2025,R-2025-27,8,AFC Bournemouth,27,9,11,7,43:45,-2,38
GB1-2025,R-2025-27,9,Everton FC,27,10,7,10,29:31,-2,37
GB1-2025,R-2025-27,10,Fulham FC,27,11,4,12,38:41,-3,37
GB1-2025,R-2025-27,11,Newcastle United,27,10,6,11,38:39,-1,36
GB1-2025,R-2025-27,12,Sunderland AFC,27,9,9,9,28:33,-5,36
GB1-2025,R-2025-27,13,Crystal Palace,27,9,8,10,29:32,-3,35
GB1-2025,R-2025-27,14,Brighton & Hove Albion,27,8,10,9,36:34,2,34
GB1-2025,R-2025-27,15,Leeds United,27,7,10,10,37:46,-9,31
GB1-2025,R-2025-27,16,Tottenham Hotspur,27,7,8,12,37:41,-4,29
GB1-2025,R-2025-27,17,Nottingham Forest,27,7,6,14,25:39,-14,27
GB1-2025,R-2025-27,18,West Ham United,27,6,7,14,32:49,-17,25
GB1-2025,R-2025-27,19,Burnley FC,27,4,7,16,29:52,-23,19
GB1-2025,R-2025-27,20,Wolverhampton Wanderers,27,1,6,20,16:49,-33,9
GB1-2025,R-2025-28,1,Arsenal FC,28,19,6,3,56:20,36,63
GB1-2025,R-2025-28,2,Manchester City,28,18,5,5,57:25,32,59
GB1-2025,R-2025-28,3,Manchester United,28,14,9,5,50:38,12,51
GB1-2025,R-2025-28,4,Aston Villa,28,15,6,7,38:30,8,51
GB1-2025,R-2025-28,5,Liverpool FC,28,14,6,8,47:37,10,48
GB1-2025,R-2025-28,6,Chelsea FC,28,12,9,7,49:33,16,45
GB1-2025,R-2025-28,7,Brentford FC,28,13,4,11,44:40,4,43
GB1-2025,R-2025-28,8,Everton FC,28,11,7,10,32:33,-1,40
GB1-2025,R-2025-28,9,Fulham FC,28,12,4,12,40:42,-2,40
GB1-2025,R-2025-28,10,AFC Bournemouth,28,9,12,7,44:46,-2,39
GB1-2025,R-2025-28,11,Brighton & Hove Albion,28,9,10,9,38:35,3,37
GB1-2025,R-2025-28,12,Sunderland AFC,28,9,10,9,29:34,-5,37
GB1-2025,R-2025-28,13,Newcastle United,28,10,6,12,40:42,-2,36
GB1-2025,R-2025-28,14,Crystal Palace,28,9,8,11,30:34,-4,35
GB1-2025,R-2025-28,15,Leeds United,28,7,10,11,37:47,-10,31
GB1-2025,R-2025-28,16,Tottenham Hotspur,28,7,8,13,38:43,-5,29
GB1-2025,R-2025-28,17,Nottingham Forest,28,7,6,15,26:41,-15,27
GB1-2025,R-2025-28,18,West Ham United,28,6,7,15,34:54,-20,25
GB1-2025,R-2025-28,19,Burnley FC,28,4,7,17,32:56,-24,19
GB1-2025,R-2025-28,20,Wolverhampton Wanderers,28,2,6,20,18:49,-31,12
GB1-2025,R-2025-29,1,Arsenal FC,29,20,6,3,57:20,37,66
GB1-2025,R-2025-29,2,Manchester City,29,18,6,5,59:27,32,60
GB1-2025,R-2025-29,3,Manchester United,29,14,9,6,51:40,11,51
GB1-2025,R-2025-29,4,Aston Villa,29,15,6,8,39:34,5,51
GB1-2025,R-2025-29,5,Chelsea FC,29,13,9,7,53:34,19,48
GB1-2025,R-2025-29,6,Liverpool FC,29,14,6,9,48:39,9,48
GB1-2025,R-2025-29,7,Brentford FC,29,13,5,11,44:40,4,44
GB1-2025,R-2025-29,8,Everton FC,29,12,7,10,34:33,1,43
GB1-2025,R-2025-29,9,AFC Bournemouth,29,9,13,7,44:46,-2,40
GB1-2025,R-2025-29,10,Fulham FC,29,12,4,13,40:43,-3,40
GB1-2025,R-2025-29,11,Sunderland AFC,29,10,10,9,30:34,-4,40
GB1-2025,R-2025-29,12,Newcastle United,29,11,6,12,42:43,-1,39
GB1-2025,R-2025-29,13,Crystal Palace,29,10,8,11,33:35,-2,38
GB1-2025,R-2025-29,14,Brighton & Hove Albion,29,9,10,10,38:36,2,37
GB1-2025,R-2025-29,15,Leeds United,29,7,10,12,37:48,-11,31
GB1-2025,R-2025-29,16,Tottenham Hotspur,29,7,8,14,39:46,-7,29
GB1-2025,R-2025-29,17,Nottingham Forest,29,7,7,15,28:43,-15,28
GB1-2025,R-2025-29,18,West Ham United,29,7,7,15,35:54,-19,28
GB1-2025,R-2025-29,19,Burnley FC,29,4,7,18,32:58,-26,19
GB1-2025,R-2025-29,20,Wolverhampton Wanderers,29,3,6,20,20:50,-30,15
GB1-2025,R-2025-30,1,Arsenal FC,30,21,6,3,59:20,39,69
GB1-2025,R-2025-30,2,Manchester City,30,18,7,5,60:28,32,61
GB1-2025,R-2025-30,3,Manchester United,30,15,9,6,54:41,13,54
GB1-2025,R-2025-30,4,Aston Villa,30,15,6,9,40:37,3,51
GB1-2025,R-2025-30,5,Liverpool FC,30,14,7,9,49:40,9,49
GB1-2025,R-2025-30,6,Chelsea FC,30,13,9,8,53:35,18,48
GB1-2025,R-2025-30,7,Brentford FC,30,13,6,11,46:42,4,45
GB1-2025,R-2025-30,8,Everton FC,30,12,7,11,34:35,-1,43
GB1-2025,R-2025-30,9,Newcastle United,30,12,6,12,43:43,0,42
GB1-2025,R-2025-30,10,AFC Bournemouth,30,9,14,7,44:46,-2,41
GB1-2025,R-2025-30,11,Fulham FC,30,12,5,13,40:43,-3,41
GB1-2025,R-2025-30,12,Brighton & Hove Albion,30,10,10,10,39:36,3,40
GB1-2025,R-2025-30,13,Sunderland AFC,30,10,10,10,30:35,-5,40
GB1-2025,R-2025-30,14,Crystal Palace,30,10,9,11,33:35,-2,39
GB1-2025,R-2025-30,15,Leeds United,30,7,11,12,37:48,-11,32
GB1-2025,R-2025-30,16,Tottenham Hotspur,30,7,9,14,40:47,-7,30
GB1-2025,R-2025-30,17,Nottingham Forest,30,7,8,15,28:43,-15,29
GB1-2025,R-2025-30,18,West Ham United,30,7,8,15,36:55,-19,29
GB1-2025,R-2025-30,19,Burnley FC,30,4,8,18,32:58,-26,20
GB1-2025,R-2025-30,20,Wolverhampton Wanderers,30,3,7,20,22:52,-30,16
GB1-2025,R-2025-31,1,Arsenal FC,31,21,7,3,61:22,39,70
GB1-2025,R-2025-31,2,Manchester City,31,19,7,5,63:28,35,64
GB1-2025,R-2025-31,3,Manchester United,31,15,10,6,56:43,13,55
GB1-2025,R-2025-31,4,Aston Villa,31,16,6,9,42:37,5,54
GB1-2025,R-2025-31,5,Liverpool FC,31,14,7,10,50:42,8,49
GB1-2025,R-2025-31,6,Chelsea FC,31,13,9,9,53:38,15,48
GB1-2025,R-2025-31,7,Brentford FC,31,13,7,11,46:42,4,46
GB1-2025,R-2025-31,8,Everton FC,31,13,7,11,37:35,2,46
GB1-2025,R-2025-31,9,Fulham FC,31,13,5,13,43:44,-1,44
GB1-2025,R-2025-31,10,Brighton & Hove Albion,31,11,10,10,41:37,4,43
GB1-2025,R-2025-31,11,Sunderland AFC,31,11,10,10,32:36,-4,43
GB1-2025,R-2025-31,12,Newcastle United,31,12,6,13,44:45,-1,42
GB1-2025,R-2025-31,13,AFC Bournemouth,31,9,15,7,46:48,-2,42
GB1-2025,R-2025-31,14,Crystal Palace,31,10,9,12,33:38,-5,39
GB1-2025,R-2025-31,15,Leeds United,31,7,12,12,37:48,-11,33
GB1-2025,R-2025-31,16,Nottingham Forest,31,8,8,15,31:43,-12,32
GB1-2025,R-2025-31,17,Tottenham Hotspur,31,7,9,15,40:50,-10,30
GB1-2025,R-2025-31,18,West Ham United,31,7,8,16,36:57,-21,29
GB1-2025,R-2025-31,19,Burnley FC,31,4,8,19,33:61,-28,20
GB1-2025,R-2025-31,20,Wolverhampton Wanderers,31,3,8,20,24:54,-30,17
GB1-2025,R-2025-32,1,Arsenal FC,32,21,7,4,62:24,38,70
GB1-2025,R-2025-32,2,Manchester City,32,20,7,5,66:28,38,67
GB1-2025,R-2025-32,3,Manchester United,32,15,10,7,57:45,12,55
GB1-2025,R-2025-32,4,Aston Villa,32,16,7,9,43:38,5,55
GB1-2025,R-2025-32,5,Liverpool FC,32,15,7,10,52:42,10,52
GB1-2025,R-2025-32,6,Chelsea FC,32,13,9,10,53:41,12,48
GB1-2025,R-2025-32,7,Brentford FC,32,13,8,11,48:44,4,47
GB1-2025,R-2025-32,8,Everton FC,32,13,8,11,39:37,2,47
GB1-2025,R-2025-32,9,Brighton & Hove Albion,32,12,10,10,43:37,6,46
GB1-2025,R-2025-32,10,Sunderland AFC,32,12,10,10,33:36,-3,46
GB1-2025,R-2025-32,11,AFC Bournemouth,32,10,15,7,48:49,-1,45
GB1-2025,R-2025-32,12,Fulham FC,32,13,5,14,43:46,-3,44
GB1-2025,R-2025-32,13,Newcastle United,32,12,6,14,45:47,-2,42
GB1-2025,R-2025-32,14,Crystal Palace,32,11,9,12,35:39,-4,42
GB1-2025,R-2025-32,15,Leeds United,32,8,12,12,39:49,-10,36
GB1-2025,R-2025-32,16,Nottingham Forest,32,8,9,15,32:44,-12,33
GB1-2025,R-2025-32,17,West Ham United,32,8,8,16,40:57,-17,32
GB1-2025,R-2025-32,18,Tottenham Hotspur,32,7,9,16,40:51,-11,30
GB1-2025,R-2025-32,19,Burnley FC,32,4,8,20,33:63,-30,20
GB1-2025,R-2025-32,20,Wolverhampton Wanderers,32,3,8,21,24:58,-34,17
GB1-2025,R-2025-33,1,Manchester City,33,21,7,5,68:29,39,70
GB1-2025,R-2025-33,2,Arsenal FC,33,21,7,5,63:26,37,70
GB1-2025,R-2025-33,3,Manchester United,33,16,10,7,58:45,13,58
GB1-2025,R-2025-33,4,Aston Villa,33,17,7,9,47:41,6,58
GB1-2025,R-2025-33,5,Liverpool FC,33,16,7,10,54:43,11,55
GB1-2025,R-2025-33,6,Chelsea FC,33,13,9,11,53:42,11,48
GB1-2025,R-2025-33,7,Brentford FC,33,13,9,11,48:44,4,48
GB1-2025,R-2025-33,8,AFC Bournemouth,33,11,15,7,50:50,0,48
GB1-2025,R-2025-33,9,Brighton & Hove Albion,33,12,11,10,45:39,6,47
GB1-2025,R-2025-33,10,Everton FC,33,13,8,12,40:39,1,47
GB1-2025,R-2025-33,11,Sunderland AFC,33,12,10,11,36:40,-4,46
GB1-2025,R-2025-33,12,Fulham FC,33,13,6,14,43:46,-3,45
GB1-2025,R-2025-33,13,Crystal Palace,33,11,10,12,35:39,-4,43
GB1-2025,R-2025-33,14,Newcastle United,33,12,6,15,46:49,-3,42
GB1-2025,R-2025-33,15,Leeds United,33,9,12,12,42:49,-7,39
GB1-2025,R-2025-33,16,Nottingham Forest,33,9,9,15,36:45,-9,36
GB1-2025,R-2025-33,17,West Ham United,33,8,9,16,40:57,-17,33
GB1-2025,R-2025-33,18,Tottenham Hotspur,33,7,10,16,42:53,-11,31
GB1-2025,R-2025-33,19,Burnley FC,33,4,8,21,34:67,-33,20
GB1-2025,R-2025-33,20,Wolverhampton Wanderers,33,3,8,22,24:61,-37,17
GB1-2025,R-2025-34,1,Manchester City,34,22,7,5,69:29,40,73
GB1-2025,R-2025-34,2,Arsenal FC,34,22,7,5,64:26,38,73
GB1-2025,R-2025-34,3,Manchester United,34,17,10,7,60:46,14,61
GB1-2025,R-2025-34,4,Liverpool FC,34,17,7,10,57:44,13,58
GB1-2025,R-2025-34,5,Aston Villa,34,17,7,10,47:42,5,58
GB1-2025,R-2025-34,6,Brighton & Hove Albion,34,13,11,10,48:39,9,50
GB1-2025,R-2025-34,7,AFC Bournemouth,34,11,16,7,52:52,0,49
GB1-2025,R-2025-34,8,Chelsea FC,34,13,9,12,53:45,8,48
GB1-2025,R-2025-34,9,Brentford FC,34,13,9,12,49:46,3,48
GB1-2025,R-2025-34,10,Fulham FC,34,14,6,14,44:46,-2,48
GB1-2025,R-2025-34,11,Everton FC,34,13,8,13,41:41,0,47
GB1-2025,R-2025-34,12,Sunderland AFC,34,12,10,12,36:45,-9,46
GB1-2025,R-2025-34,13,Crystal Palace,34,11,10,13,36:42,-6,43
GB1-2025,R-2025-34,14,Newcastle United,34,12,6,16,46:50,-4,42
GB1-2025,R-2025-34,15,Leeds United,34,9,13,12,44:51,-7,40
GB1-2025,R-2025-34,16,Nottingham Forest,34,10,9,15,41:45,-4,39
GB1-2025,R-2025-34,17,West Ham United,34,9,9,16,42:58,-16,36
GB1-2025,R-2025-34,18,Tottenham Hotspur,34,8,10,16,43:53,-10,34
GB1-2025,R-2025-34,19,Burnley FC,34,4,8,22,34:68,-34,20
GB1-2025,R-2025-34,20,Wolverhampton Wanderers,34,3,8,23,24:62,-38,17
GB1-2025,R-2025-35,1,Arsenal FC,35,23,7,5,67:26,41,76
GB1-2025,R-2025-35,2,Manchester City,35,22,8,5,72:32,40,74
GB1-2025,R-2025-35,3,Manchester United,35,18,10,7,63:48,15,64
GB1-2025,R-2025-35,4,Liverpool FC,35,17,7,11,59:47,12,58
GB1-2025,R-2025-35,5,Aston Villa,35,17,7,11,48:44,4,58
GB1-2025,R-2025-35,6,AFC Bournemouth,35,12,16,7,55:52,3,52
GB1-2025,R-2025-35,7,Brentford FC,35,14,9,12,52:46,6,51
GB1-2025,R-2025-35,8,Brighton & Hove Albion,35,13,11,11,49:42,7,50
GB1-2025,R-2025-35,9,Chelsea FC,35,13,9,13,54:48,6,48
GB1-2025,R-2025-35,10,Everton FC,35,13,9,13,44:44,0,48
GB1-2025,R-2025-35,11,Fulham FC,35,14,6,15,44:49,-5,48
GB1-2025,R-2025-35,12,Sunderland AFC,35,12,11,12,37:46,-9,47
GB1-2025,R-2025-35,13,Newcastle United,35,13,6,16,49:51,-2,45
GB1-2025,R-2025-35,14,Leeds United,35,10,13,12,47:52,-5,43
GB1-2025,R-2025-35,15,Crystal Palace,35,11,10,14,36:45,-9,43
GB1-2025,R-2025-35,16,Nottingham Forest,35,11,9,15,44:46,-2,42
GB1-2025,R-2025-35,17,Tottenham Hotspur,35,9,10,16,45:54,-9,37
GB1-2025,R-2025-35,18,West Ham United,35,9,9,17,42:61,-19,36
GB1-2025,R-2025-35,19,Burnley FC,35,4,8,23,35:71,-36,20
GB1-2025,R-2025-35,20,Wolverhampton Wanderers,35,3,9,23,25:63,-38,18
GB1-2025,R-2025-36,1,Arsenal FC,36,24,7,5,68:26,42,79
GB1-2025,R-2025-36,2,Manchester City,36,23,8,5,75:32,43,77
GB1-2025,R-2025-36,3,Manchester United,36,18,11,7,63:48,15,65
GB1-2025,R-2025-36,4,Liverpool FC,36,17,8,11,60:48,12,59
GB1-2025,R-2025-36,5,Aston Villa,36,17,8,11,50:46,4,59
GB1-2025,R-2025-36,6,AFC Bournemouth,36,13,16,7,56:52,4,55
GB1-2025,R-2025-36,7,Brighton & Hove Albion,36,14,11,11,52:42,10,53
GB1-2025,R-2025-36,8,Brentford FC,36,14,9,13,52:49,3,51
GB1-2025,R-2025-36,9,Chelsea FC,36,13,10,13,55:49,6,49
GB1-2025,R-2025-36,10,Everton FC,36,13,10,13,46:46,0,49
GB1-2025,R-2025-36,11,Fulham FC,36,14,6,16,44:50,-6,48
GB1-2025,R-2025-36,12,Sunderland AFC,36,12,12,12,37:46,-9,48
GB1-2025,R-2025-36,13,Newcastle United,36,13,7,16,50:52,-2,46
GB1-2025,R-2025-36,14,Leeds United,36,10,14,12,48:53,-5,44
GB1-2025,R-2025-36,15,Crystal Palace,36,11,11,14,38:47,-9,44
GB1-2025,R-2025-36,16,Nottingham Forest,36,11,10,15,45:47,-2,43
GB1-2025,R-2025-36,17,Tottenham Hotspur,36,9,11,16,46:55,-9,38
GB1-2025,R-2025-36,18,West Ham United,36,9,9,18,42:62,-20,36
GB1-2025,R-2025-36,19,Burnley FC,36,4,9,23,37:73,-36,21
GB1-2025,R-2025-36,20,Wolverhampton Wanderers,36,3,9,24,25:66,-41,18
GB1-2025,R-2025-37,1,Arsenal FC,37,25,7,5,69:26,43,82
GB1-2025,R-2025-37,2,Manchester City,37,23,9,5,76:33,43,78
GB1-2025,R-2025-37,3,Manchester United,37,19,11,7,66:50,16,68
GB1-2025,R-2025-37,4,Aston Villa,37,18,8,11,54:48,6,62
GB1-2025,R-2025-37,5,Liverpool FC,37,17,8,12,62:52,10,59
GB1-2025,R-2025-37,6,AFC Bournemouth,37,13,17,7,57:53,4,56
GB1-2025,R-2025-37,7,Brighton & Hove Albion,37,14,11,12,52:43,9,53
GB1-2025,R-2025-37,8,Chelsea FC,37,14,10,13,57:50,7,52
GB1-2025,R-2025-37,9,Brentford FC,37,14,10,13,54:51,3,52
GB1-2025,R-2025-37,10,Sunderland AFC,37,13,12,12,40:47,-7,51
GB1-2025,R-2025-37,11,Newcastle United,37,14,7,16,53:53,0,49
GB1-2025,R-2025-37,12,Everton FC,37,13,10,14,47:49,-2,49
GB1-2025,R-2025-37,13,Fulham FC,37,14,7,16,45:51,-6,49
GB1-2025,R-2025-37,14,Leeds United,37,11,14,12,49:53,-4,47
GB1-2025,R-2025-37,15,Crystal Palace,37,11,12,14,40:49,-9,45
GB1-2025,R-2025-37,16,Nottingham Forest,37,11,10,16,47:50,-3,43
GB1-2025,R-2025-37,17,Tottenham Hotspur,37,9,11,17,47:57,-10,38
GB1-2025,R-2025-37,18,West Ham United,37,9,9,19,43:65,-22,36
GB1-2025,R-2025-37,19,Burnley FC,37,4,9,24,37:74,-37,21
GB1-2025,R-2025-37,20,Wolverhampton Wanderers,37,3,10,24,26:67,-41,19
GB1-2025,R-2025-38,1,Arsenal FC,38,26,7,5,71:27,44,85
GB1-2025,R-2025-38,2,Manchester City,38,23,9,6,77:35,42,78
GB1-2025,R-2025-38,3,Manchester United,38,20,11,7,69:50,19,71
GB1-2025,R-2025-38,4,Aston Villa,38,19,8,11,56:49,7,65
GB1-2025,R-2025-38,5,Liverpool FC,38,17,9,12,63:53,10,60
GB1-2025,R-2025-38,6,AFC Bournemouth,38,13,18,7,58:54,4,57
GB1-2025,R-2025-38,7,Sunderland AFC,38,14,12,12,42:48,-6,54
GB1-2025,R-2025-38,8,Brighton & Hove Albion,38,14,11,13,52:46,6,53
GB1-2025,R-2025-38,9,Brentford FC,38,14,11,13,55:52,3,53
GB1-2025,R-2025-38,10,Chelsea FC,38,14,10,14,58:52,6,52
GB1-2025,R-2025-38,11,Fulham FC,38,15,7,16,47:51,-4,52
GB1-2025,R-2025-38,12,Newcastle United,38,14,7,17,53:55,-2,49
GB1-2025,R-2025-38,13,Everton FC,38,13,10,15,47:50,-3,49
GB1-2025,R-2025-38,14,Leeds United,38,11,14,13,49:56,-7,47
GB1-2025,R-2025-38,15,Crystal Palace,38,11,12,15,41:51,-10,45
GB1-2025,R-2025-38,16,Nottingham Forest,38,11,11,16,48:51,-3,44
GB1-2025,R-2025-38,17,Tottenham Hotspur,38,10,11,17,48:57,-9,41
GB1-2025,R-2025-38,18,West Ham United,38,10,9,19,46:65,-19,39
GB1-2025,R-2025-38,19,Burnley FC,38,4,10,24,38:75,-37,22
GB1-2025,R-2025-38,20,Wolverhampton Wanderers,38,3,11,24,27:68,-41,20
